:0400000003EF10F00A
:100008004F82E1CF68F0E2CF69F0D9CF6AF0DACF5A
:100018006BF0F3CF6CF0F4CF6DF0F6CF6EF0F7CF56
:100028006FF0F8CF70F0F5CF71F0F2A41EEF00F08A
:1000380020EF00F02EEF00F0000E01015425546F60
:10004800000E5521556F010E5621566F000E57218F
:10005800576FF294F2A633EF00F035EF00F0EDEFB2
:100068000FF0F2A03AEF00F03CEF00F0EDEF0FF0E8
:1000780081A841EF00F044EF00F0010E45EF00F0D9
:10008800000E0101866FEAC050F1EBC051F1ECC0DF
:1000980052F1EDC053F1D65054250001EA6FD75004
:1000A800010155210001EB6F000E010156210001ED
:1000B800EC6F000E010157210001ED6F000E0101E8
:1000C800546F000E556F000E566F000E576F000EDE
:1000D800D76E000ED66E464A472A030E4A18D8A491
:1000E80078EF00F07AEF00F0A6EF00F00001ED5194
:1000F800EC110BE12D0EEA5D010EEB59D8A087EF4C
:1001080000F089EF00F097EF00F0290E3F6EFF0E28
:10011800406EEAC041F0EBC042F0ECC043F0EDC0E5
:1001280044F086EC4EF0140E46184710D8A49FEF02
:1001380000F0A1EF00F0ECEF0FF04A6AECEF0FF0DF
:10014800ECEF0FF08251D8B4ACEF00F0AEEF00F056
:10015800E9EF00F0475007E1C80E465CD8B0B7EFAA
:1001680000F0B9EF00F0DBEF00F0820E0001606FE5
:10017800050E616FD8904634D96E4734DA6ED89040
:10018800D936DA366051D9266151DA22EAC0DEFF63
:10019800EBC0DEFFECC0DEFFEDC0DEFF000E462444
:1001A800D96E020E4720DA6EDF6AECEF0FF0000E10
:1001B8005F6FC80E5E6F4A6A826B496A8CEC4FF0BB
:1001C800010E0101876FECEF0FF08C51D8B4EFEFFF
:1001D80000F0F1EF00F06AEF01F0050E4918D8A41D
:1001E800F8EF00F0FAEF00F06AEF01F00001ED51CE
:1001F800EC110BE1AF0EEA5D0B0EEB59D8A007EF3F
:1002080001F009EF01F06AEF01F0ED51EC1109E19D
:10021800DA0EEA5D0C0EEB59D8B015EF01F017EFC6
:1002280001F06AEF01F0020E4A18D8A41EEF01F09F
:1002380020EF01F026EF01F0E20E3F6EFF0E406E58
:1002480086EC4EF02C0E46184710D8B42EEF01F06D
:1002580030EF01F035EF01F001018C6B496AECEFEA
:100268000FF0000E476E000E466E050E496E820EA8
:100278000001606F050E616FD8904634D96E47341F
:10028800DA6ED890D936DA366051D9266151DA2239
:10029800EAC0DEFFEBC0DEFFECC0DEFFEDC0DEFF34
:1002A800000E4624D96E020E4720DA6EDF6A000E71
:1002B8000101616F000E606F010E896F20EEDEF0A4
:1002C800070EDE6AE806FDE2ECEF0FF001018C5143
:1002D800D8A471EF01F073EF01F0DDEF01F0000138
:1002E800ED51EC110BE16D0EEA5D750EEB59D8A0DE
:1002F80080EF01F082EF01F0DDEF01F0ED51EC113C
:1003080009E1340EEA5D760EEB59D8B08EEF01F0B4
:1003180090EF01F0DDEF01F0000E476E000E466E23
:10032800820E606F050E616FD8904634D96E4734DF
:10033800DA6ED890D936DA366051D9266151DA2288
:10034800EAC0DEFFEBC0DEFFECC0DEFFEDC0DEFF83
:10035800000E4624D96E020E4720DA6EDF6A020EBE
:100368004A18D8A4BAEF01F0BCEF01F0CAEF01F0C7
:10037800E20E3F6EFF0E406EEAC041F0EBC042F065
:10038800ECC043F0EDC044F086EC4EF0060E496E2A
:1003980020EEDEF0070EDE6AE806FDE2010E01013E
:1003A8008C6F000E616F000E606F010E896FECEFAD
:1003B8000FF001018C51D8A4E4EF01F0E6EF01F051
:1003C80041EF02F00001ED51EC110BE1D10EEA5DB5
:1003D800750EEB59D8A0F3EF01F0F5EF01F041EFFE
:1003E80002F0ED51EC1109E1200EEA5D760EEB59B1
:1003F800D8B001EF02F003EF02F041EF02F0000E77
:10040800476E000E466E820E606F050E616FD890C3
:100418004634D96E4734DA6ED890D936DA36605118
:10042800D9266151DA22EAC0DEFFEBC0DEFFECC05C
:10043800DEFFEDC0DEFF000E4624D96E020E472017
:10044800DA6EDF6A020E4A18D8A42DEF02F02FEFF9
:1004580002F03DEF02F0C00E3F6EFF0E406EEAC0A4
:1004680041F0EBC042F0ECC043F0EDC044F086EC44
:100478004EF0070E496ECCEF01F001018C51D8A463
:1004880048EF02F04AEF02F0BBEF02F00001ED5135
:10049800EC110BE18B0EEA5D7F0EEB59D8A057EFFC
:1004A80002F059EF02F0BBEF02F0ED51EC1109E157
:1004B800460EEA5D820EEB59D8B065EF02F067EFA1
:1004C80002F0BBEF02F0000E476E000E466E820E81
:1004D800606F050E616FD8904634D96E4734DA6E76
:1004E800D890D936DA366051D9266151DA22EAC075
:1004F800DEFFEBC0DEFFECC0DEFFEDC0DEFF000E6E
:100508004624D96E020E4720DA6EDF6A030E496E62
:10051800020E4A18D8A493EF02F095EF02F0A3EF69
:1005280002F0C00E3F6EFD0E406EEAC041F0EBC017
:1005380042F0ECC043F0EDC044F086EC4EF001010F
:100548008451D8B4AAEF02F0ACEF02F0B1EF02F098
:10055800010E826F846BECEF0FF020EEDEF0070ED9
:10056800DE6AE806FDE2010E8C6FECEF0FF0010188
:100578008C51D8B4C2EF02F0C4EF02F00FEF03F0D1
:100588000001ED51EC110BE1F70EEA5D1D0EEB5980
:10059800D8A0D1EF02F0D3EF02F00FEF03F0ED5146
:1005A800EC1109E1B20EEA5D200EEB59D8B0DFEF8D
:1005B80002F0E1EF02F00FEF03F0000E476E000EBD
:1005C800466E820E606F050E616FD8904634D96E04
:1005D8004734DA6ED890D936DA366051D926615167
:1005E800DA22EAC0DEFFEBC0DEFFECC0DEFFEDC0C2
:1005F800DEFF000E4624D96E020E4720DA6EDF6A4F
:10060800030E496E000E0101616F000E606F010E4E
:10061800896F62EF01F001018C51D8A416EF03F045
:1006280018EF03F05BEF03F00001ED51EC110BE163
:10063800790EEA5D920EEB59D8A025EF03F027EF6B
:1006480003F05BEF03F0ED51EC1109E1A80EEA5D50
:10065800940EEB59D8B033EF03F035EF03F05BEFAE
:1006680003F0000E476E010E466E010E01018C6FFD
:10067800EAC064F1EBC065F1020E4A18D8A447EF4E
:1006880003F049EF03F057EF03F0D90E3F6EFD0E6C
:10069800406EEAC041F0EBC042F0ECC043F0EDC060
:1006A80044F086EC4EF0010E496E62EF01F0010154
:1006B8008C51D8A462EF03F064EF03F0B5EF03F0B8
:1006C8000001ED51EC110BE1510EEA5D730EEB598F
:1006D800D8A071EF03F073EF03F0B5EF03F0ED511D
:1006E800EC1109E1A40EEA5D740EEB59D8B07FEF66
:1006F80003F081EF03F0B5EF03F0000E476E010E33
:10070800466E020E496E820E606F050E616FD890BC
:100718004634D96E4734DA6ED890D936DA36605115
:10072800D9266151DA22EAC0DEFFEBC0DEFFECC059
:10073800DEFFEDC0DEFF020E4A18D8A4A6EF03F0D4
:10074800A8EF03F0AEEF03F0A10E3F6EFF0E406E70
:1007580086EC4EF0010E01018C6F010E896F62EF7D
:1007680001F00101535152110AE15005130E51597C
:10077800D8A0C1EF03F0C3EF03F042EF04F05351E8
:10078800521109E1B80E505D140E5159D8B0CFEF8F
:1007980003F0D1EF03F042EF04F08651D8B4D7EF5D
:1007A80003F0D9EF03F042EF04F08C51D8A4DFEF47
:1007B80003F0E1EF03F042EF04F00001ED51EC111A
:1007C8000BE1A50EEA5D240EEB59D8A0EEEF03F07D
:1007D800F0EF03F042EF04F0ED51EC1109E15C0E8B
:1007E800EA5D260EEB59D8B0FCEF03F0FEEF03F0FC
:1007F80042EF04F0000E476E010E466E010E010135
:100808008C6F040E496E020E4A18D8A40EEF04F03D
:1008180010EF04F01EEF04F04D0E3F6EFE0E406E1A
:10082800EAC041F0EBC042F0ECC043F0EDC044F048
:1008380086EC4EF0820E0001606F050E616FD89055
:100848004634D96E4734DA6ED890D936DA366051E4
:10085800D9266151DA22EAC0DEFFEBC0DEFFECC028
:10086800DEFFEDC0DEFF000E0101616F000E606F5C
:10087800000E5D6F000E5C6FB1EF03F0040E4918B7
:10088800D8A449EF04F04BEF04F0AFEF05F00101F5
:100898008951D8B452EF04F054EF04F0AFEF05F0EB
:1008A800475007E1960E465CD8B05DEF04F05FEF65
:1008B80004F07FEF04F0820E0001606F050E616F97
:1008C800D8904634D96E4734DA6ED890D936DA36AD
:1008D8006051D9266151DA22EAC0DEFFEBC0DEFFA3
:1008E800ECC0DEFFEDC0DEFF000E4624D96E020E1E
:1008F8004720DA6EDF6A0001ED51EC110BE15B0E67
:10090800EA5D090EEB59D8A08CEF04F08EEF04F0E5
:10091800F4EF04F0ED51EC1109E1120EEA5D0B0E53
:10092800EB59D8B09AEF04F09CEF04F0F4EF04F020
:10093800000E01015D6F000E5C6F8651D8B4A7EF01
:1009480004F0A9EF04F0BFEF04F0604B612BD890DE
:100958000001DE35DE6FDF35DF6FE035E06FE13552
:10096800E16FE235E26FE335E36FE435E46FE535D7
:10097800E56FE4EF04F0604B612BD8900001DE35A1
:10098800DE6FDF35DF6FE035E06FE135E16FE235CF
:10099800E26FE335E36FE435E46FE535E56F010EAB
:1009A800DE11DE6FDF51DF6FE051E06FE151E16F83
:1009B800E251E26FE351E36FE451E46FE551E56F13
:1009C8000101615109E1380E605DD8A0EEEF04F035
:1009D800F0EF04F0ECEF0FF0E4EC4EF0ECEF0FF07A
:1009E800ED51EC110BE14A0EEA5D040EEB59D8A06B
:1009F80000EF05F002EF05F072EF05F0ED51EC1194
:100A080008E1EA05060EEB59D8B00DEF05F00FEF37
:100A180005F072EF05F001015C4B5D2B5C055D1183
:100A2800D8A419EF05F01BEF05F01DEF05F0ECEF6A
:100A38000FF0000E5D6F000E5C6F8651D8A427EF93
:100A480005F029EF05F050EF05F0604B612BD890C9
:100A58000001DE35DE6FDF35DF6FE035E06FE13551
:100A6800E16FE235E26FE335E36FE435E46FE535D6
:100A7800E56F010EDE11DE6FDF51DF6FE051E06FD1
:100A8800E151E16FE251E26FE351E36FE451E46F4A
:100A9800E551E56F64EF05F0604B612BD8900001DC
:100AA800DE35DE6FDF35DF6FE035E06FE135E16FB2
:100AB800E235E26FE335E36FE435E46FE535E56F82
:100AC8000101615109E1380E605DD8A06EEF05F0B3
:100AD80070EF05F0ECEF0FF0F0EF04F0710E3F6EE1
:100AE800FF0E406EEAC041F0EBC042F0ECC043F0AC
:100AF800EDC044F086EC4EF0475007E1C80E465C66
:100B0800D8B089EF05F08BEF05F0ABEF05F0820E5A
:100B18000001606F050E616FD8904634D96E473476
:100B2800DA6ED890D936DA366051D9266151DA2290
:100B3800EAC0DEFFEBC0DEFFECC0DEFFEDC0DEFF8B
:100B4800000E4624D96E020E4720DA6EDF6A8CEC5E
:100B58004FF0ECEF0FF001018951D8B4B6EF05F072
:100B6800B8EF05F008EF07F0030E4918D8A4BFEF57
:100B780005F0C1EF05F008EF07F0475007E1C80E90
:100B8800465CD8B0CAEF05F0CCEF05F0ECEF05F005
:100B9800820E0001606F050E616FD8904634D96EE1
:100BA8004734DA6ED890D936DA366051D926615191
:100BB800DA22EAC0DEFFEBC0DEFFECC0DEFFEDC0EC
:100BC800DEFF000E4624D96E020E4720DA6EDF6A79
:100BD8000001ED51EC110BE1CA0EEA5D040EEB5970
:100BE800D8A0F9EF05F0FBEF05F094EF06F0010E41
:100BF8004624606F000E4720616F60B106EF06F073
:100C080008EF06F00DEF06F0010E01018B6FECEF17
:100C18000FF001018B51D8A414EF06F016EF06F07F
:100C28006CEF06F0604B612BDEC060F0DFC061F056
:100C3800E0C062F0E1C063F0E2C064F0E3C065F0D8
:100C4800E4C066F0E5C067F00001D890673366330A
:100C580065336433633362336133603360C0DEF01D
:100C680061C0DFF062C0E0F063C0E1F064C0E2F0B0
:100C780065C0E3F066C0E4F067C0E5F020EEDEF0A2
:100C8800000EDE10DE6F000EDE10DF6F000EDE10CD
:100C9800E06F000EDE10E16F000EDE10E26F000E56
:100CA800DE10E36F000EDE10E46F800EDE10E56FDD
:100CB8000101615109E1400E605DD8A066EF06F0C0
:100CC80068EF06F0ECEF0FF002EC4FF0ECEF0FF0EE
:100CD800000E4624D96E020E4720DA6E020EDF6E31
:100CE8004A04D8A47AEF06F07CEF06F08AEF06F003
:100CF8002C0E3F6EFE0E406EEAC041F0EBC042F093
:100D0800ECC043F0EDC044F086EC4EF046C05EF116
:100D180047C05FF1000E476E000E466EABEF05F060
:100D2800010E4624606F000E4720616F60B19FEF8F
:100D380006F0A1EF06F0A5EF06F001018B6BECEFD2
:100D48000FF001018B05D8A4ACEF06F0AEEF06F06A
:100D5800E8EF06F0604B612BDEC060F0DFC061F0A9
:100D6800E0C062F0E1C063F0E2C064F0E3C065F0A7
:100D7800E4C066F0E5C067F00001D89067336633D9
:100D880065336433633362336133603360C0DEF0EC
:100D980061C0DFF062C0E0F063C0E1F064C0E2F07F
:100DA80065C0E3F066C0E4F067C0E5F00101615199
:100DB80009E1400E605DD8A0E4EF06F0E6EF06F02A
:100DC800ECEF0FF068EF06F0000E4624D96E020E25
:100DD8004720DA6E020EDF6E4A04D8A4F6EF06F05A
:100DE800F8EF06F08AEF06F0370E3F6EFE0E406E03
:100DF800EAC041F0EBC042F0ECC043F0EDC044F073
:100E080086EC4EF08AEF06F08951D8B40EEF07F061
:100E180010EF07F053EF08F0060E4918D8A417EFA3
:100E280007F019EF07F053EF08F0475007E1C80E35
:100E3800465CD8B022EF07F024EF07F044EF07F044
:100E4800820E0001606F050E616FD8904634D96E2E
:100E58004734DA6ED890D936DA366051D9266151DE
:100E6800DA22EAC0DEFFEBC0DEFFECC0DEFFEDC039
:100E7800DEFF000E4624D96E020E4720DA6EDF6AC6
:100E88000001ED51EC110BE1D30EEA5D050EEB59B3
:100E9800D8A051EF07F053EF07F0C7EF07F0010EA6
:100EA8004624606F000E4720616F60B15EEF07F067
:100EB80060EF07F062EF07F008EF06F001018B51D1
:100EC800D8A469EF07F06BEF07F0A7EF07F0604BC6
:100ED800612BDEC060F0DFC061F0E0C062F0E1C00D
:100EE80063F0E2C064F0E3C065F0E4C066F0E5C01A
:100EF80067F00001D8906733663365336433633332
:100F080062336133603360C0DEF061C0DFF062C01D
:100F1800E0F063C0E1F064C0E2F065C0E3F066C0F1
:100F2800E4F067C0E5F00101615109E1180E605D68
:100F3800D8A0A1EF07F0A3EF07F0ECEF0FF020EC3B
:100F48004FF0ECEF0FF0000E4624D96E020E47204A
:100F5800DA6E020EDF6E4A04D8A4B5EF07F0B7EFD9
:100F680007F08AEF06F0D20E3F6EFE0E406EEAC022
:100F780041F0EBC042F0ECC043F0EDC044F086EC29
:100F88004EF08AEF06F0010E4624606F000E4720EF
:100F9800616F60B1D2EF07F0D4EF07F0D6EF07F03A
:100FA800A1EF06F001018B05D8A4DDEF07F0DFEF14
:100FB80007F033EF08F0604B612BDEC060F0DFC054
:100FC80061F0E0C062F0E1C063F0E2C064F0E3C049
:100FD80065F0E4C066F0E5C067F00001D8906733BB
:100FE800663365336433633362336133603360C0BF
:100FF800DEF061C0DFF062C0E0F063C0E1F064C021
:10100800E2F065C0E3F066C0E4F067C0E5F020EE0A
:10101800DEF0000EDE10DE6F000EDE10DF6F000E59
:10102800DE10E06F000EDE10E16F000EDE10E26FE2
:10103800000EDE10E36F000EDE10E46F800EDE108F
:10104800E56F0101615109E1180E605DD8A02FEF2D
:1010580008F031EF08F0ECEF0FF0A3EF07F0000E07
:101068004624D96E020E4720DA6E020EDF6E4A045D
:10107800D8A441EF08F043EF08F08AEF06F0DB0E42
:101088003F6EFE0E406EEAC041F0EBC042F0ECC08D
:1010980043F0EDC044F086EC4EF08AEF06F089513B
:1010A800D8B459EF08F05BEF08F0B7EF0AF0070E75
:1010B8004918D8A462EF08F064EF08F0B7EF0AF017
:1010C800475007E1C80E465CD8B06DEF08F06FEFE7
:1010D80008F08FEF08F0820E0001606F050E616F57
:1010E800D8904634D96E4734DA6ED890D936DA3685
:1010F8006051D9266151DA22EAC0DEFFEBC0DEFF7B
:10110800ECC0DEFFEDC0DEFF000E4624D96E020EF5
:101118004720DA6EDF6A030E46140001606F000E86
:101128004714616F60516111D8A49DEF08F09FEFDB
:1011380008F0B7EF0AF0760E606F050E616FD89071
:101148004634D96E4734DA6ED890D936DA366051DB
:10115800D9266151DA22030EDB500CE1020EDB5076
:1011680009E19C0EDE5C070EDE58D8B0BEEF08F031
:10117800C0EF08F0FFEF09F07A0E606F050E616F9F
:10118800D8904634D96E4734DA6ED890D936DA36E4
:101198006051D9266151DA22030EDB500EE1020EAE
:1011A800DB500BE19D0EDE5C070EDE58D8A0DFEFAA
:1011B80008F0E1EF08F05EEF09F07E0E606F050EB3
:1011C800616FD8904634D96E4734DA6ED890D936E4
:1011D800DA366051D9266151DA22030EDB500CE170
:1011E800020EDB5009E19C0EDE5C070EDE58D8B01B
:1011F80000EF09F002EF09F05EEF09F0820E606F70
:10120800050E616FD8904634D96E4734DA6ED8909F
:10121800D936DA366051D9266151DA22030EDB500D
:101228000EE1020EDB500BE19D0EDE5C070EDE5870
:10123800D8A021EF09F023EF09F05EEF09F00101D2
:10124800604B612BDEC060F0DFC061F0E0C062F08F
:10125800E1C063F0E2C064F0E3C065F0E4C066F0AA
:10126800E5C067F00001D8906733663365336433AF
:10127800633362336133603360C0DEF061C0DFF036
:1012880062C0E0F063C0E1F064C0E2F065C0E3F082
:1012980066C0E4F067C0E5F00101615109E10C0E98
:1012A800605DD8A05AEF09F05CEF09F05EEF09F035
:1012B80016EC4FF07A0E0001606F050E616FD89042
:1012C8004634D96E4734DA6ED890D936DA3660515A
:1012D800D9266151DA22030EDB500EE1020EDB50F3
:1012E8000BE19D0EDE5C070EDE58D8A07EEF09F0FC
:1012F80080EF09F0B7EF0AF07E0E606F050E616FA0
:10130800D8904634D96E4734DA6ED890D936DA3662
:101318006051D9266151DA22030EDB500EE1020E2C
:10132800DB500BE19D0EDE5C070EDE58D8A09FEF68
:1013380009F0A1EF09F0B7EF0AF0820E606F050E11
:10134800616FD8904634D96E4734DA6ED890D93662
:10135800DA366051D9266151DA22030EDB500CE1EE
:10136800020EDB5009E19C0EDE5C070EDE58D8B099
:10137800C0EF09F0C2EF09F0B7EF0AF00101604BC6
:10138800612BDEC060F0DFC061F0E0C062F0E1C058
:1013980063F0E2C064F0E3C065F0E4C066F0E5C065
:1013A80067F00001D890673366336533643363337D
:1013B80062336133603360C0DEF061C0DFF062C069
:1013C800E0F063C0E1F064C0E2F065C0E3F066C03D
:1013D800E4F067C0E5F00101615109E10C0E605DC0
:1013E800D8A0F9EF09F0FBEF09F0B7EF0AF016EC17
:1013F8004FF0B7EF0AF07A0E606F050E616FD89064
:101408004634D96E4734DA6ED890D936DA36605118
:10141800D9266151DA22030EDB500CE1020EDB50B3
:1014280009E19C0EDE5C070EDE58D8B01EEF0AF00C
:1014380020EF0AF0B7EF0AF07E0E606F050E616FBD
:10144800D8904634D96E4734DA6ED890D936DA3621
:101458006051D9266151DA22030EDB500EE1020EEB
:10146800DB500BE19D0EDE5C070EDE58D8A03FEF87
:101478000AF041EF0AF0B7EF0AF0820E606F050E2E
:10148800616FD8904634D96E4734DA6ED890D93621
:10149800DA366051D9266151DA22030EDB500CE1AD
:1014A800020EDB5009E19C0EDE5C070EDE58D8B058
:1014B80060EF0AF062EF0AF0B7EF0AF00101604B43
:1014C800612BDEC060F0DFC061F0E0C062F0E1C017
:1014D80063F0E2C064F0E3C065F0E4C066F0E5C024
:1014E80067F00001D890673366336533643363333C
:1014F80062336133603360C0DEF061C0DFF062C028
:10150800E0F063C0E1F064C0E2F065C0E3F066C0FB
:10151800E4F067C0E5F020EEDEF0000EDE10DE6FCE
:10152800000EDE10DF6F000EDE10E06F800EDE10A2
:10153800E16F000EDE10E26F000EDE10E36F000EAA
:10154800DE10E46F000EDE10E56F0101615109E164
:101558000C0E605DD8A0B3EF0AF0B5EF0AF0B7EF54
:101568000AF0FBEF09F001018951D8B4BEEF0AF087
:10157800C0EF0AF02AEF0CF0050E4918D8A4C7EFFF
:101588000AF0C9EF0AF02AEF0CF00001ED51EC1156
:101598000BE18D0EEA5D050EEB59D8A0D6EF0AF0E7
:1015A800D8EF0AF061EF0BF0ED51EC1109E1B80E3C
:1015B800EA5D060EEB59D8B0E4EF0AF0E6EF0AF060
:1015C80061EF0BF0DEC060F0DFC061F0E0C062F0F8
:1015D800E1C063F0E2C064F0E3C065F0E4C066F027
:1015E800E5C067F0D8906733663365336433633397
:1015F80062336133603360C0DEF061C0DFF062C027
:10160800E0F063C0E1F064C0E2F065C0E3F066C0FA
:10161800E4F067C0E5F020EEDEF0000EDE10DE6FCD
:10162800000EDE10DF6F000EDE10E06F000EDE1021
:10163800E16F000EDE10E26F000EDE10E36F000EA9
:10164800DE10E46F800EDE10E56F475007E1960E5E
:10165800465CD8B032EF0BF034EF0BF053EF0BF0E1
:10166800820E606F050E616FD8904634D96E47348C
:10167800DA6ED890D936DA366051D9266151DA2235
:10168800EAC0DEFFEBC0DEFFECC0DEFFEDC0DEFF30
:10169800000E4624D96E020E4720DA6EDF6A400E2D
:1016A80046184710D8A45BEF0BF05DEF0BF0ECEF9A
:1016B8000FF0F8EC4EF0ECEF0FF0ED51EC110BE100
:1016C800810EEA5D020EEB59D8A06DEF0BF06FEFBB
:1016D8000BF0DCEF0BF0ED51EC1109E1AC0EEA5D1B
:1016E800030EEB59D8B07BEF0BF07DEF0BF0DCEF7E
:1016F8000BF0DEC060F0DFC061F0E0C062F0E1C076
:1017080063F0E2C064F0E3C065F0E4C066F0E5C0F1
:1017180067F0D89067336633653364336333623375
:101728006133603360C0DEF061C0DFF062C0E0F0BA
:1017380063C0E1F064C0E2F065C0E3F066C0E4F0C5
:1017480067C0E5F0475007E1960E465CD8B0AFEFAA
:101758000BF0B1EF0BF0D0EF0BF0820E606F050EBF
:10176800616FD8904634D96E4734DA6ED890D9363E
:10177800DA366051D9266151DA22EAC0DEFFEBC0C1
:10178800DEFFECC0DEFFEDC0DEFF000E4624D96EA2
:10179800020E4720DA6EDF6A400E46184710D8A4BA
:1017A800D8EF0BF0DAEF0BF0ECEF0FF05DEF0BF08A
:1017B8004A04D8A4E2EF0BF0E4EF0BF0F2EF0BF0E1
:1017C800920E3F6EFF0E406EEAC041F0EBC042F051
:1017D800ECC043F0EDC044F086EC4EF0475007E112
:1017E800960E465CD8B0FBEF0BF0FDEF0BF016EF52
:1017F8000CF0820E0001606F050E616FD8904634C0
:10180800D96E4734DA6ED890D936DA366051D9268F
:101818006151DA22EAC0DEFFEBC0DEFFECC0DEFF7A
:10182800EDC0DEFF000E4624D96E020E4720DA6EA8
:10183800DF6A475009E1400E465CD8A026EF0CF05D
:1018480028EF0CF0ECEF0FF05DEF0BF0020E4918EB
:10185800D8A431EF0CF033EF0CF08AEF0DF089517A
:10186800D8B439EF0CF03BEF0CF08AEF0DF089514A
:10187800D8B441EF0CF043EF0CF08AEF0DF0000103
:10188800ED51EC110BE1570EEA5D040EEB59D8A0AF
:1018980050EF0CF052EF0CF0CDEF0CF0ED51EC11D5
:1018A80009E1AA0EEA5D050EEB59D8B05EEF0CF01F
:1018B80060EF0CF0CDEF0CF0D890DE35DE6FDF3541
:1018C800DF6FE035E06FE135E16FE235E26FE33578
:1018D800E36FE435E46FE535E56F010EDE11DE6F89
:1018E800DF51DF6FE051E06FE151E16FE251E26FEC
:1018F800E351E36FE451E46FE551E56F475007E1C9
:10190800960E465CD8B08BEF0CF08DEF0CF0ACEF78
:101918000CF0820E606F050E616FD8904634D96E58
:101928004734DA6ED890D936DA366051D926615103
:10193800DA22EAC0DEFFEBC0DEFFECC0DEFFEDC05E
:10194800DEFF000E4624D96E020E4720DA6EDF6AEB
:101958001A0E46184710D8A4B4EF0CF0B6EF0CF0E6
:10196800ECEF0FF00CEC4FF0ECEF0FF0010EDE1186
:10197800DE6FDF51DF6FE051E06FE151E16FE2515F
:10198800E26FE351E36FE451E46FE551E56FECEF8B
:101998000FF0ED51EC110BE1D70EEA5D010EEB599A
:1019A800D8A0D9EF0CF0DBEF0CF044EF0DF0ED51BF
:1019B800EC1109E12A0EEA5D030EEB59D8B0E7EF06
:1019C8000CF0E9EF0CF044EF0DF0D890DE35DE6F47
:1019D800DF35DF6FE035E06FE135E16FE235E26F6B
:1019E800E335E36FE435E46FE535E56F475007E12C
:1019F800960E465CD8B003EF0DF005EF0DF024EF1E
:101A08000DF0820E606F050E616FD8904634D96E66
:101A18004734DA6ED890D936DA366051D926615112
:101A2800DA22EAC0DEFFEBC0DEFFECC0DEFFEDC06D
:101A3800DEFF000E4624D96E020E4720DA6EDF6AFA
:101A48001A0E46184710D8A42CEF0DF02EEF0DF003
:101A5800ECEF0FF0B6EF0CF0D8900001DE35DE6F3A
:101A6800DF35DF6FE035E06FE135E16FE235E26FDA
:101A7800E335E36FE435E46FE535E56FECEF0FF040
:101A88008CEC4FF046C05EF147C05FF1475007E16C
:101A9800C80E465CD8B053EF0DF055EF0DF076EF59
:101AA8000DF0820E0001606F050E616FD89046340C
:101AB800D96E4734DA6ED890D936DA366051D926DD
:101AC8006151DA22EAC0DEFFEBC0DEFFECC0DEFFC8
:101AD800EDC0DEFF000E4624D96E020E4720DA6EF6
:101AE800030EDF6E4A04D8A47CEF0DF07EEF0DF0F4
:101AF800ECEF0FF0110E3F6EFF0E406E46C041F046
:101B080047C042F086EC4EF0ECEF0FF04904D8A441
:101B180090EF0DF092EF0DF0ECEF0FF00001ED51AA
:101B2800EC110BE18C0EEA5D0A0EEB59D8A09FEF81
:101B38000DF0A1EF0DF088EF0EF0ED51EC1109E179
:101B4800BB0EEA5D0C0EEB59D8B0ADEF0DF0AFEF60
:101B58000DF088EF0EF06C0E46184710D8A4B7EFBA
:101B68000DF0B9EF0DF0DFEF0DF001018C6B820E77
:101B78000001606F050E616FD8904634D96E473406
:101B8800DA6ED890D936DA366051D9266151DA2220
:101B9800EAC0DEFFEBC0DEFFECC0DEFFEDC0DEFF1B
:101BA800000E4624D96E020E4720DA6EDF6AEEEC8C
:101BB8004EF0ECEF0FF0020E46184710D8B4E7EFDE
:101BC8000DF0E9EF0DF0F3EF0DF0030E4618471096
:101BD800D8A4F1EF0DF0F3EF0DF0ABEF05F0020E26
:101BE80046184710D8A4FBEF0DF0FDEF0DF003EFFA
:101BF8000EF0EAC062F1EBC063F1ECEF0FF0030EF8
:101C080046184710D8A40BEF0EF00DEF0EF0ABEF0F
:101C180005F0010164510001606F01016551000187
:101C2800616F626B636B7A0E646F050E656FD89097
:101C38004634D96E4734DA6ED890D936DA366451DC
:101C4800D9266551DA2260C0DEFF61C0DEFF62C0BE
:101C5800DEFF63C0DEFFFE0E4624D96E010E47206C
:101C6800DA6EDF6A010162510001606F01016351A0
:101C78000001616F626B636B7E0E646F050E656FAA
:101C8800D8904634D96E4734DA6ED890D936DA36D9
:101C98006451D9266551DA2260C0DEFF61C0DEFFDB
:101CA80062C0DEFF63C0DEFFFF0E4624D96E010E60
:101CB8004720DA6EDF6A820E606F050E616FD8907A
:101CC8004634D96E4734DA6ED890D936DA36605150
:101CD800D9266151DA22EAC0DEFFEBC0DEFFECC094
:101CE800DEFFEDC0DEFF000E4624D96E020E47204F
:101CF800DA6EDF6A010E0101886F000E616F000E57
:101D0800606F8C6BECEF0FF001018851D8B48FEF46
:101D18000EF091EF0EF0ECEF0FF00001ED51EC1129
:101D28000BE1930EEA5D060EEB59D8A09EEF0EF07C
:101D3800A0EF0EF026EF0FF0ED51EC1109E1C20E05
:101D4800EA5D080EEB59D8B0ACEF0EF0AEEF0EF02E
:101D580026EF0FF0475007E1960E465CD8B0B7EF74
:101D68000EF0B9EF0EF0D8EF0EF0820E606F050E90
:101D7800616FD8904634D96E4734DA6ED890D93628
:101D8800DA366051D9266151DA22EAC0DEFFEBC0AB
:101D9800DEFFECC0DEFFEDC0DEFF000E4624D96E8C
:101DA800020E4720DA6EDF6A46B0DDEF0EF0DFEF95
:101DB8000EF0E1EF0EF008EF06F001018B51D8A408
:101DC800E8EF0EF0EAEF0EF000EF0FF0604B612B3A
:101DD800D8900001DE35DE6FDF35DF6FE035E06F6C
:101DE800E135E16FE235E26FE335E36FE435E46F47
:101DF800E535E56FBAEF0CF0000E476E000E466E43
:101E08008CEC4FF04A04D8A40CEF0FF00EEF0FF053
:101E1800A4EF00F0000E4624D96E020E4720DA6EB9
:101E2800020EDF6E8D0E3F6EFE0E406EEAC041F070
:101E3800EBC042F0ECC043F0EDC044F086EC4EF04D
:101E4800ECEF0FF0ED51EC110BE1A70EEA5D020E7D
:101E5800EB59D8A032EF0FF034EF0FF0A8EF0FF0E6
:101E6800ED51EC1109E1D60EEA5D040EEB59D8B03C
:101E780040EF0FF042EF0FF0A8EF0FF0475007E1E7
:101E8800960E465CD8B04BEF0FF04DEF0FF06CEFAD
:101E98000FF0820E606F050E616FD8904634D96ED0
:101EA8004734DA6ED890D936DA366051D92661517E
:101EB800DA22EAC0DEFFEBC0DEFFECC0DEFFEDC0D9
:101EC800DEFF000E4624D96E020E4720DA6EDF6A66
:101ED80046B071EF0FF073EF0FF075EF0FF0A1EF51
:101EE80006F001018B05D8A47CEF0FF07EEF0FF010
:101EF80082EF0FF0604B612B30EF0DF0000E476E54
:101F0800000E466E8CEC4FF04A04D8A48EEF0FF00A
:101F180090EF0FF0A4EF00F0000E4624D96E020EE9
:101F28004720DA6E020EDF6E420E3F6EFE0E406EE6
:101F3800EAC041F0EBC042F0ECC043F0EDC044F021
:101F480086EC4EF0ECEF0FF08CEC4FF046C05EF1F3
:101F580047C05FF1475007E1C80E465CD8B0B7EFFD
:101F68000FF0B9EF0FF0DAEF0FF0820E0001606F9B
:101F7800050E616FD8904634D96E4734DA6ED89022
:101F8800D936DA366051D9266151DA22EAC0DEFF45
:101F9800EBC0DEFFECC0DEFFEDC0DEFF000E462426
:101FA800D96E020E4720DA6E030EDF6E4A04D8A4FB
:101FB800E0EF0FF0E2EF0FF0A4EF00F0210E3F6E1C
:101FC800FF0E406E46C041F047C042F086EC4EF02E
:101FD800F29071C0F5FF70C0F8FF6FC0F7FF6EC0D8
:101FE800F6FF6DC0F4FF6CC0F3FF6BC0DAFF6AC088
:101FF800D9FF69C0E2FF68C0E1FF4F92110014EFFA
:1020080049F0D4C072F0D5C073F0DC0E0001746FD3
:10201800FF0E756FE8EC4AF0000172517311D8A4F5
:1020280018EF10F01AEF10F01EEF10F0DDEC40F092
:102038006EEF17F0D4C072F0D5C073F0D60E746F7F
:10204800FF0E756FE8EC4AF0000172517311D8A4C5
:1020580030EF10F032EF10F040EF10F04A6A010153
:10206800836B846B826B790E0001B06FFE0EB16FCB
:102078006BEC4EF06EEF17F0D4C072F0D5C073F071
:10208800D90E746FFF0E756FE8EC4AF000017251BB
:102098007311D8A452EF10F054EF10F0BDEF10F008
:1020A8004A2A040E4A645BEF10F05DEF10F05EEF11
:1020B80010F04A6A970EB06FFE0EB16F4AC0B2F0C8
:1020C800B36B6BEC4EF04A50D8A46DEF10F06FEF85
:1020D80010F078EF10F05E0E0001B06FFD0EB16FDA
:1020E8006BEC4EF00101846B4A04D8A47EEF10F02B
:1020F80080EF10F087EF10F0C30E0001B06FF70EFD
:10210800B16F6BEC4EF0020E4A18D8A48EEF10F0A7
:1021180090EF10F097EF10F0700E0001B06FFC0E0A
:10212800B16F6BEC4EF0030E4A18D8A49EEF10F076
:10213800A0EF10F0A7EF10F0690E0001B06FF80ED5
:10214800B16F6BEC4EF0040E4A18D8A4AEEF10F045
:10215800B0EF10F06EEF17F0850E0001B06FFB0EB8
:10216800B16F6BEC4EF0010E0101836F4A6A6EEF9E
:1021780017F0D4C072F0D5C073F0E60E746FFF0E7E
:10218800756FE8EC4AF0000172517311D8A4CFEFD3
:1021980010F0D1EF10F01EEF11F00101902B020E9C
:1021A8009019D8A4DAEF10F0DCEF10F0DDEF10F0A2
:1021B800906BBA0E0001B06FFA0EB16F0101905129
:1021C800040DEB0EF324D96E010EF420DA6EDECF87
:1021D800B2F0DECFB3F0DECFB4F0DECFB5F06BEC0B
:1021E8004EF001019051D8A4FCEF10F0FEEF10F072
:1021F80009EF11F0A20E0001B06FFA0EB16F6BEC8F
:102208004EF0060E7D6E820EAF6E01019005D8A4C9
:1022180010EF11F012EF11F06EEF17F0B30E00018E
:10222800B06FFD0EB16F6BEC4EF07D6A440EAF6E71
:102238006EEF17F0D4C072F0D5C073F0E80E746F6B
:10224800FF0E756FE8EC4AF0000172517311D8A4C3
:1022580030EF11F032EF11F052EF11F0010190510F
:10226800D8B439EF11F03BEF11F042EF11F0210E25
:102278000001B06FF70EB16F6BEC4EF0470E000126
:10228800B06FF40EB16F6BEC4EF0000E0001C86F2A
:10229800010EC76F07EC2FF06EEF17F0D4C072F085
:1022A800D5C073F0EA0E746FFF0E756FE8EC4AF054
:1022B800000172517311D8A464EF11F066EF11F0A8
:1022C80086EF11F001019051D8B46DEF11F06FEF66
:1022D80011F076EF11F0210E0001B06FF70EB16F1B
:1022E8006BEC4EF0A40E0001B06FF40EB16F6BEC06
:1022F8004EF0000E0001C86F020EC76F07EC2FF0FA
:102308006EEF17F0D4C072F0D5C073F0EC0E746F96
:10231800FF0E756FE8EC4AF0000172517311D8A4F2
:1023280098EF11F09AEF11F09EEF11F06FEC17F0A3
:102338006EEF17F0D4C072F0D5C073F0EE0E746F64
:10234800FF0E756FE8EC4AF0000172517311D8A4C2
:10235800B0EF11F0B2EF11F064EF12F0F29EED0E53
:10236800B06FFB0EB16F6BEC4EF028EF12F0410E20
:102378000001B06FFF0EB16F6BEC4EF050EF12F032
:10238800ED0E0001B06FFC0EB16F4CC1B2F04DC143
:10239800B3F04EC1B4F04FC1B5F06BEC4EF050EF56
:1023A80012F03B0E0001B06FFA0EB16F4CC1B2F0E3
:1023B8004DC1B3F04EC1B4F04FC1B5F06BEC4EF067
:1023C80050EF12F08F0E0001B06FF80EB16F6BEC8A
:1023D8004EF050EF12F0CE0E0001B06FF90EB16F53
:1023E8006BEC4EF050EF12F0190E0001B06FF80EC2
:1023F800B16F6BEC4EF050EF12F03F0E0001B06F72
:10240800FD0EB16F6BEC4EF050EF12F0580E00015C
:10241800B06FFE0EB16F6BEC4EF050EF12F06F0E16
:102428000001B06FFA0EB16F6BEC4EF050EF12F086
:10243800510E0001B06FFA0EB16F98C1B2F0B36BD4
:102448006BEC4EF050EF12F001019851000AD8B42D
:10245800BBEF11F0010AD8B4C4EF11F0030AD8B4E5
:10246800D5EF11F0010AD8B4E6EF11F0070AD8B495
:10247800EFEF11F0010AD8B4F8EF11F0030AD8B45D
:1024880001EF12F0010AD8B40AEF12F00F0AD8B41B
:1024980013EF12F01CEF12F0550E0001B06FFA0E98
:1024A800B16F97C1B2F0B36B6BEC4EF01E0E00012A
:1024B800B06FFA0EB16F6BEC4EF0F28E6EEF17F054
:1024C800D4C072F0D5C073F0F00E746FFF0E756F44
:1024D800E8EC4AF0000172517311D8A476EF12F0BB
:1024E80078EF12F0F9EF12F0F29E4F0EB06FFD0E7A
:1024F800B16F92C1B2F0B36B6BEC4EF0700E00018D
:10250800B06FFB0EB16F91C1B2F0B36B6BEC4EF0D4
:102518005E0E0001B06FFC0EB16F6CC1B2F06DC100
:10252800B3F06BEC4EF0010E0001E66F000EE76FA2
:10253800000EE86F000EE96FE951E811E71109E1B3
:10254800830EE65DD8A0ABEF12F0ADEF12F0AFEF5F
:1025580012F0DAEF12F0B80EB06FFF0EB16FE6C0EE
:10256800B2F0E7C0B3F0E8C0B4F0E9C0B5F06BEC86
:102578004EF0B00E0001B06FFF0EB16F000EE625F1
:10258800D96E050EE721DA6EDF500101C66FC6511C
:102598000001B26FB36B6BEC4EF0010E0001E62741
:1025A800000EE723E823E923A0EF12F01E0EB06F18
:1025B800FA0EB16F6BEC4EF0DC0E0001B06FFC0E42
:1025C800B16F6AC1B2F06BC1B3F06BEC4EF07C0E28
:1025D8000001B06FFD0EB16F68C1B2F069C1B3F010
:1025E8006BEC4EF0F28E6EEF17F0D4C072F0D5C0DF
:1025F80073F0F20E746FFF0E756FE8EC4AF000018D
:1026080072517311D8A40BEF13F00DEF13F086EF8E
:1026180013F0F29E000EE66F000EE76F000EE86FF3
:10262800000EE96FE951E811E71109E1C80EE65D0E
:10263800D8A021EF13F023EF13F025EF13F083EF69
:1026480013F0E6C0BBF0E7C0BCF0E8C0BDF0E9C0DD
:10265800BEF033EC3AF0B80E0001B06FFF0EB16F68
:10266800E6C0B2F0E7C0B3F0E8C0B4F0E9C0B5F036
:102678006BEC4EF08D0E0001B06FFF0EB16F00C312
:10268800B2F0B36B6BEC4EF0010E0001E6250101D0
:10269800C66F000E0001E7210101C76F000E00019F
:1026A800E8210101C86F000E0001E9210101C96F8D
:1026B8000F0EC615CA6F000EC715CB6F000EC815D2
:1026C800CC6F000EC915CD6FCA51CB11CC11CD11ED
:1026D800D8A471EF13F073EF13F07AEF13F01E0E16
:1026E8000001B06FFA0EB16F6BEC4EF0010E0001F5
:1026F800E627000EE723E823E92316EF13F0F28E0E
:102708006EEF17F0D4C072F0D5C073F02C0E746F52
:10271800FB0E756FE8EC4AF0000172517311D8A4F2
:1027280098EF13F09AEF13F030EF14F0F29E000ECA
:10273800E66F000EE76F000EE86F000EE96FE951D3
:10274800E8110AE1E629030EE759D8A0AEEF13F025
:10275800B0EF13F0B2EF13F02DEF14F0E6C072F003
:10276800E7C073F093EC4EF00101D96F0F0E000132
:10277800E6150101C66F000E0001E7150101C76FDC
:10278800000E0001E8150101C86F000E0001E915EF
:102798000101C96FC651C711C811C911D8A4D7EF13
:1027A80013F0D9EF13F0E8EF13F0BC0E0001B06F8F
:1027B800FF0EB16FE6C0B2F0E7C0B3F0E8C0B4F006
:1027C800E9C0B5F06BEC4EF08D0E0001B06FFF0E56
:1027D800B16FD9C1B2F0B36B6BEC4EF0010E0001D2
:1027E800E6250101C66F000E0001E7210101C76F50
:1027F800000E0001E8210101C86F000E0001E92167
:102808000101C96F0F0EC615CA6F000EC715CB6F31
:10281800000EC815CC6F000EC915CD6FCA51CB116B
:10282800CC11CD11D8A41BEF14F01DEF14F024EF38
:1028380014F01E0E0001B06FFA0EB16F6BEC4EF083
:10284800010E0001E627000EE723E823E923A3EFA2
:1028580013F0F28E6EEF17F0D4C072F0D5C073F09B
:10286800F40E746FFF0E756FE8EC4AF000017251B8
:102878007311D8A442EF14F044EF14F0F3EF14F0FE
:102888000101DE6BF29E4C0E0001B06FFC0EB16FC1
:102898006BEC4EF0000E0001E66F000EE76F000EC5
:1028A800E86F000EE96F9BEF14F0E6C0BBF0E7C0DD
:1028B800BCF0E8C0BDF0E9C0BEF0800EBF6FF9EC17
:1028C8003AF0800E0001E625E66F000EE721E76F7B
:1028D800000EE821E86F000EE921E96F000E010102
:1028E800DA6F000EDB6F000EDC6F000EDD6FDD515E
:1028F800DC11DB1109E1800EDA5DD8A086EF14F057
:1029080088EF14F08AEF14F09BEF14F0000EDA252C
:10291800D96E030EDB21DA6EDF50DE19DE6F010E91
:10292800DA27000EDB23DC23DD237BEF14F0000124
:10293800E9510CE1E629FF0EE759010EE859D8A044
:10294800A8EF14F0AAEF14F059EF14F0000EBB6FC3
:10295800000EBC6F000EBD6F000EBE6F33EC3AF078
:10296800030100510001E66FE76BE86BE96B030EAA
:10297800E619E711E811E911D8B4C5EF14F0C7EF6B
:1029880014F0CDEF14F0EF0EB06FF70EB16F6BECE3
:102998004EF0890E0001B06FFA0EB16FDEC1B2F0D1
:1029A800B36B6BEC4EF00101DE51D8A4DEEF14F0EE
:1029B800E0EF14F0E9EF14F0830E0001B06FFF0EA2
:1029C800B16F6BEC4EF0F0EF14F0C90E0001B06F70
:1029D800FE0EB16F6BEC4EF0F28E6EEF17F0D4C0B6
:1029E80072F0D5C073F0F60E746FFF0E756FE8ECD9
:1029F8004AF0000172517311D8A405EF15F007EFE2
:102A080015F0FCEF15F0000E0101DF6F000EE06F0E
:102A1800000EE16F000EE26FF29EEBEF15F0DFC1E2
:102A2800BBF0E0C1BCF0E1C1BDF0E2C1BEF0800E78
:102A38000001BF6FF9EC3AF0000E0001E66F000EDE
:102A4800E76F000EE86F000EE96FE951E811E71132
:102A580009E1800EE65DD8A034EF15F036EF15F0E9
:102A680038EF15F0DEEF15F00101DF510001E62522
:102A78000101D56FE0510001E7210101D66FE15155
:102A88000001E8210101D76FE2510001E9210101AC
:102A9800D86F0F0E0001E6150101C66F000E000188
:102AA800E7150101C76F000E0001E8150101C86FA5
:102AB800000E0001E9150101C96FC651C711C811FF
:102AC800C911D8A46AEF15F06CEF15F088EF15F06E
:102AD800D5510001BB6F0101D6510001BC6F010146
:102AE800D7510001BD6F0101D8510001BE6FBF6B06
:102AF800C06BC16BC26BC8EC4DF0FD0E0001B06F2E
:102B0800FE0EB16F6BEC4EF0B40E0001B06FFF0E0D
:102B1800B16F000EE625D96E030EE721DA6EDF509D
:102B28000101C66FC6510001B26FB36B6BEC4EF07A
:102B3800010E0001E6250101C66F000E0001E72124
:102B48000101C76F000E0001E8210101C86F000EE6
:102B58000001E9210101C96F0F0EC615CA6F000EE9
:102B6800C715CB6F000EC815CC6F000EC915CD6FF9
:102B7800CA51CB11CC11CD11D8A4C5EF15F0C7EFB0
:102B880015F0CEEF15F01E0E0001B06FFA0EB16F02
:102B98006BEC4EF0E40E00D000D0E82EFCD700D04D
:102BA80000D0010E0001E627000EE723E823E92301
:102BB80029EF15F0800E0101DF25DF6F000EE021FF
:102BC800E06F000EE121E16F000EE221E26FE251B9
:102BD8000CE1DF29FF0EE059010EE159D8A0F7EF0B
:102BE80015F0F9EF15F013EF15F0F28E6EEF17F000
:102BF800D4C072F0D5C073F0F80E746FFF0E756F05
:102C0800E8EC4AF0000172517311D8A40EEF16F0E7
:102C180010EF16F052EF17F0000EE66F000EE76F98
:102C2800000EE86F000EE96FE6C0C6F1E7C0C7F115
:102C38000101D890C637C737D890C637C737000EB6
:102C4800C6250001726F010E0101C7210001736FD3
:102C580093EC4EF00101C86FC851E36FE46BE56B6C
:102C6800E66BE76BE86BE96BEA6BE6C0C6F1E7C0B9
:102C7800C7F1D890C637C737D890C637C737010EBF
:102C8800C6250001726F010E0101C7210001736F93
:102C980093EC4EF00101C86FC8C1C9F1CA6BCB6B88
:102CA800CC6BCBC1CCF1CAC1CBF1C9C1CAF1C96BDC
:102CB800C951CD6FCA51CE6FCB51CF6FCC51D06FA8
:102CC800D16BD26BD36BD46BE351CD25E36FE45159
:102CD800CE21E46FE551CF21E56FE651D021E66FB3
:102CE800E751D121E76FE851D221E86FE951D321AB
:102CF800E96FEA51D421EA6FE6C0C6F1E7C0C7F12F
:102D0800D890C637C737D890C637C737020EC625FA
:102D18000001726F010E0101C7210001736F93EC6E
:102D28004EF00101C86FC8C1C9F1CA6BCB6BCC6B3F
:102D3800CAC1CCF1C9C1CBF1CA6BC96BC951CD6F3E
:102D4800CA51CE6FCB51CF6FCC51D06FD16BD26BF4
:102D5800D36BD46BE351CD25E36FE451CE21E46FFF
:102D6800E551CF21E56FE651D021E66FE751D1213A
:102D7800E76FE851D221E86FE951D321E96FEA51B1
:102D8800D421EA6FE6C0C6F1E7C0C7F1D890C637CC
:102D9800C737D890C637C737030EC6250001726FEC
:102DA800010E0101C7210001736F93EC4EF0010180
:102DB800C86FC8C1C9F1CA6BCB6BCC6BC9C1CCF1A8
:102DC800CB6BCA6BC96BC951CD6FCA51CE6FCB5192
:102DD800CF6FCC51D06FD16BD26BD36BD46BE35127
:102DE800CD25E36FE451CE21E46FE551CF21E56FA6
:102DF800E651D021E66FE751D121E76FE851D221A2
:102E0800E86FE951D321E96FEA51D421EA6F820EC4
:102E18000001B06FFC0EB16F010EE625B26F000E17
:102E2800E721B36F000EE821B46F000EE921B56FFA
:102E38006BEC4EF0E3C1BBF0E4C1BCF0E5C1BDF002
:102E4800E6C1BEF0E7C1BFF0E8C1C0F0E9C1C1F01A
:102E5800EAC1C2F0C8EC4DF01E0E0001B06FFA0EC8
:102E6800B16F6BEC4EF0010E0001E627000EE72370
:102E7800E823E923E951E811E71109E1140EE65DB9
:102E8800D8A049EF17F04BEF17F018EF16F0E60748
:102E9800000EE75BE85BE95B6EEF17F0D4C072F0F9
:102EA800D5C073F0FC0E746FFF0E756FE8EC4AF036
:102EB800000172517311D8A464EF17F066EF17F090
:102EC80068EF17F06EEF17F0D20EB06FFA0EB16F11
:102ED8006BEC4EF01200F29E0101876BFD0E0001B3
:102EE800B06FFD0EB16F5EC1B2F05FC1B3F06BECB5
:102EF8004EF04950D8A483EF17F085EF17F08CEF08
:102F080017F0C40E0001B06FFB0EB16F6BEC4EF002
:102F1800020E4918D8A493EF17F095EF17F09CEF1D
:102F280017F02F0E0001B06FFD0EB16F6BEC4EF075
:102F3800040E4918D8A4A3EF17F0A5EF17F0ACEFCB
:102F480017F0FE0E0001B06FFC0EB16F6BEC4EF087
:102F5800030E4918D8A4B3EF17F0B5EF17F0BCEF7C
:102F680017F0170E0001B06FFB0EB16F6BEC4EF04F
:102F7800050E4918D8A4C3EF17F0C5EF17F0CCEF2A
:102F880017F0390E0001B06FFC0EB16F6BEC4EF00C
:102F98004904D8A4D2EF17F0D4EF17F0DBEF17F0FD
:102FA8009A0E0001B06FFB0EB16F6BEC4EF0070E7E
:102FB8004918D8A4E2EF17F0E4EF17F0EBEF17F099
:102FC800000E0001B06FFC0EB16F6BEC4EF01E0EE0
:102FD8000001B06FFA0EB16F6BEC4EF0010E0001FC
:102FE800C26F010EC16FFF0EC225726F736BFF0EA9
:102FF8007323000E756F160E746F37EC46F00001E0
:10300800C151160DF3CFBBF0F4CFBCF07251BB2504
:10301800BD6F7351BC21BE6FEA0EBD25BF6FFF0E99
:10302800BE21C06FBFC0E6F0C0C0E7F0000EE7BF2A
:10303800FF0EE86FE96F01015E510001BB6F0101EE
:103048005F510001BC6FBD6BBE6BE651BB5DE751C4
:10305800BC59E851BD59E951BE59D8A036EF18F00E
:1030680038EF18F035EF1CF0C40EB06FFF0EB16FDB
:10307800E6C0B2F0E7C0B3F0E8C0B4F0E9C0B5F01C
:103088006BEC4EF07E0E0001BB6F050EBC6FD89046
:10309800E635D96EE735DA6ED890D936DA36BB51CF
:1030A800D926BC51DA22DECFC3F0DDCFC4F0820EC0
:1030B800BB6F050EBC6FD890E635D96EE735DA6E72
:1030C800D890D936DA36BB51D926BC51DA22DECFB0
:1030D800EAF0DECFEBF0DECFECF0DECFEDF0AB0EBA
:1030E800B06FFF0EB16FEAC0B2F0EBC0B3F0ECC046
:1030F800B4F0EDC0B5F06BEC4EF04950D8A487EFB2
:1031080018F089EF18F090EF18F0FC0E0001B06F7E
:10311800FE0EB16F6BEC4EF04904D8A496EF18F090
:1031280098EF18F04FEF19F00001ED51EC110BE199
:10313800A90EEA5D8F0EEB59D8A0A5EF18F0A7EFFE
:1031480018F0BDEF18F0ED51EC1109E1780EEA5DC9
:10315800970EEB59D8B0B3EF18F0B5EF18F0BDEFF4
:1031680018F0E10EB06FFF0EB16F6BEC4EF02FEF61
:1031780019F0ED51EC110BE1A70EEA5D020EEB59C7
:10318800D8A0C9EF18F0CBEF18F0E1EF18F0ED5127
:10319800EC1109E1D60EEA5D040EEB59D8B0D7EF71
:1031A80018F0D9EF18F0E1EF18F0D50EB06FFF0E58
:1031B800B16F6BEC4EF02FEF19F0ED51EC110BE104
:1031C800930EEA5D060EEB59D8A0EDEF18F0EFEF7D
:1031D80018F005EF19F0ED51EC1109E1C20EEA5DA6
:1031E800080EEB59D8B0FBEF18F0FDEF18F005EF1B
:1031F80019F0D80EB06FFF0EB16F6BEC4EF02FEFD9
:1032080019F0ED51EC110BE18C0EEA5D0A0EEB5949
:10321800D8A011EF19F013EF19F029EF19F0ED51BB
:10322800EC1109E1BB0EEA5D0C0EEB59D8B01FEFAB
:1032380019F021EF19F029EF19F0DE0EB06FFF0E2B
:10324800B16F6BEC4EF02FEF19F0DB0EB06FFF0E85
:10325800B16F6BEC4EF0000E0001E625D96E020E40
:10326800E721DA6EDF50D8B43CEF19F03EEF19F0E1
:103278004FEF19F0310EB06FFF0EB16F000EE6255B
:10328800D96E020EE721DA6EDF50BB6FBB51B26F09
:10329800B36B6BEC4EF0020E4918D8A456EF19F038
:1032A80058EF19F0EBEF19F00001ED51EC110BE1BB
:1032B800130EEA5D700EEB59D8A065EF19F067EFB1
:1032C80019F07DEF19F0ED51EC1109E1E20EEA5D1C
:1032D800770EEB59D8B073EF19F075EF19F07DEF51
:1032E80019F0E10EB06FFF0EB16F6BEC4EF0CBEF43
:1032F80019F0ED51EC110BE1D70EEA5D010EEB5917
:10330800D8A089EF19F08BEF19F0A1EF19F0ED5162
:10331800EC1109E12A0EEA5D030EEB59D8B097EFDC
:1033280019F099EF19F0A1EF19F0D50EB06FFF0E53
:10333800B16F6BEC4EF0CBEF19F0ED51EC110BE1E6
:10334800570EEA5D040EEB59D8A0ADEF19F0AFEFB8
:1033580019F0C5EF19F0ED51EC1109E1AA0EEA5D7B
:10336800050EEB59D8B0BBEF19F0BDEF19F0C5EF5A
:1033780019F0D80EB06FFF0EB16F6BEC4EF0CBEFBB
:1033880019F0DB0EB06FFF0EB16F6BEC4EF0000E54
:103398000001E625D96E020EE721DA6EDF50D8B4B7
:1033A800D8EF19F0DAEF19F0EBEF19F0310EB06F32
:1033B800FF0EB16F000EE625D96E020EE721DA6E18
:1033C800DF50BB6FBB51B26FB36B6BEC4EF0040EAA
:1033D8004918D8A4F2EF19F0F4EF19F0AAEF1AF08F
:1033E8000001ED51EC110BE1F50EEA5D0F0EEB5902
:1033F800D8A001EF1AF003EF1AF019EF1AF0ED5107
:10340800EC1109E1C40EEA5D170EEB59D8B00FEFC5
:103418001AF011EF1AF019EF1AF0E10EB06FFF0E63
:10342800B16F6BEC4EF08AEF1AF0ED51EC110BE135
:103438004A0EEA5D040EEB59D8A025EF1AF027EFE3
:103448001AF03CEF1AF0ED51EC1108E1EA05060E0E
:10345800EB59D8B032EF1AF034EF1AF03CEF1AF00B
:10346800D50EB06FFF0EB16F6BEC4EF08AEF1AF00D
:10347800ED51EC110BE15B0EEA5D090EEB59D8A09A
:1034880048EF1AF04AEF1AF060EF1AF0ED51EC111C
:1034980009E1120EEA5D0B0EEB59D8B056EF1AF09F
:1034A80058EF1AF060EF1AF0D80EB06FFF0EB16F38
:1034B8006BEC4EF08AEF1AF0ED51EC110BE1A50E12
:1034C800EA5D240EEB59D8A06CEF1AF06EEF1AF0F3
:1034D80084EF1AF0ED51EC1109E15C0EEA5D260E5D
:1034E800EB59D8B07AEF1AF07CEF1AF084EF1AF0A3
:1034F800DE0EB06FFF0EB16F6BEC4EF08AEF1AF074
:10350800DB0EB06FFF0EB16F6BEC4EF0000E0001DA
:10351800E625D96E020EE721DA6EDF50D8B497EFB0
:103528001AF099EF1AF0AAEF1AF0310EB06FFF0EE9
:10353800B16F000EE625D96E020EE721DA6EDF5074
:10354800BB6FBB51B26FB36B6BEC4EF0030E4918F7
:10355800D8A4B1EF1AF0B3EF1AF09EEF1BF00001F8
:10356800ED51EC110BE1C30EEA5D7E0EEB59D8A0CC
:10357800C0EF1AF0C2EF1AF0D8EF1AF0ED51EC11C3
:1035880009E10E0EEA5D830EEB59D8B0CEEF1AF0C2
:10359800D0EF1AF0D8EF1AF0E10EB06FFF0EB16F4E
:1035A8006BEC4EF07EEF1BF0ED51EC110BE1F70EDA
:1035B800EA5D1D0EEB59D8A0E4EF1AF0E6EF1AF019
:1035C800FCEF1AF0ED51EC1109E1B20EEA5D200EA4
:1035D800EB59D8B0F2EF1AF0F4EF1AF0FCEF1AF04A
:1035E800DE0EB06FFF0EB16F6BEC4EF07EEF1BF08E
:1035F800E6B101EF1BF003EF1BF076EF1BF0E30ED3
:10360800C35D040EC459D8A00CEF1BF00EEF1BF0DD
:103618003BEF1BF09E0EC35D070EC459D8B017EFE1
:103628001BF019EF1BF03BEF1BF0ED51EC110BE118
:10363800F50EEA5D010EEB59D8A025EF1BF027EF38
:103648001BF03BEF1BF0ED51EC1109E1B00EEA5D08
:10365800040EEB59D8B033EF1BF035EF1BF03BEFFE
:103668001BF0D80EB06FFF0EB16F6BEC4EF0F50E7D
:103678000001C35D010EC459D8A045EF1BF047EF08
:103688001BF07EEF1BF0B00EC35D040EC459D8B01A
:1036980050EF1BF052EF1BF07EEF1BF0ED51EC11D9
:1036A8000BE1E30EEA5D040EEB59D8A05EEF1BF0C8
:1036B80060EF1BF07EEF1BF0ED51EC1109E19E0E5F
:1036C800EA5D070EEB59D8B06CEF1BF06EEF1BF0FC
:1036D8007EEF1BF0D50EB06FFF0EB16F6BEC4EF0A6
:1036E8007EEF1BF0FC0EB06FFE0EB16F6BEC4EF070
:1036F8007EEF1BF0000E0001E625D96E020EE721D1
:10370800DA6EDF50D8B48BEF1BF08DEF1BF09EEF15
:103718001BF0310EB06FFF0EB16F000EE625D96EAB
:10372800020EE721DA6EDF50BB6FBB51B26FB36B8D
:103738006BEC4EF0050E4918D8A4A5EF1BF0A7EFC7
:103748001BF02CEF1CF00001ED51EC110BE16B0E9E
:10375800EA5D180EEB59D8A0B4EF1BF0B6EF1BF0DA
:10376800CCEF1BF0ED51EC1109E1B60EEA5D1C0E31
:10377800EB59D8B0C2EF1BF0C4EF1BF0CCEF1BF035
:10378800E10EB06FFF0EB16F6BEC4EF00CEF1CF05A
:10379800ED51EC110BE1AF0EEA5D0B0EEB59D8A021
:1037A800D8EF1BF0DAEF1BF0F0EF1BF0ED51EC1146
:1037B80009E1DA0EEA5D0C0EEB59D8B0E6EF1BF022
:1037C800E8EF1BF0F0EF1BF0DE0EB06FFF0EB16FED
:1037D8006BEC4EF00CEF1CF0ED51EC1109E19C0E76
:1037E800EA5D040EEB59D8B0FCEF1BF0FEEF1BF0BE
:1037F80006EF1CF0D50EB06FFF0EB16F6BEC4EF0FC
:103808000CEF1CF0D80EB06FFF0EB16F6BEC4EF0E2
:10381800000E0001E625D96E020EE721DA6EDF50B0
:10382800D8B419EF1CF01BEF1CF02CEF1CF0310E74
:10383800B06FFF0EB16F000EE625D96E020EE721BC
:10384800DA6EDF50BB6FBB51B26FB36B6BEC4EF0EF
:10385800D20E0001B06FFF0EB16F6BEC4EF03BEF74
:103868001CF0F60EB06FFE0EB16F6BEC4EF000015F
:10387800C12B090EC16543EF1CF045EF1CF0F7EFB3
:1038880017F01E0EB06FFA0EB16F6BEC4EF0000120
:10389800C22B160EC26553EF1CF055EF1CF0F5EF66
:1038A80017F082EC4FF0F28E120079EC4EF0809611
:1038B800809A0101986B0F015D6B5C6BD08EF19E55
:1038C800F180F290F286F28EF294F28A5A89010E11
:1038D8000101906F9051D8A474EF1CF076EF1CF0A2
:1038E8007AEF1CF0060E7D6E820EAF6E9005D8A49E
:1038F80080EF1CF082EF1CF085EF1CF07D6A440E0F
:10390800AF6E920ED56EAB0E0001766FF50E776F27
:10391800B7EC42F0A60E0001766FFD0E776FB7EC9C
:1039280042F0A90E0001766FF60E776FB7EC42F001
:10393800A60E0001766FFD0E776FB7EC42F082900D
:10394800DDEC40F08280010E0001E66F000EE76FAB
:10395800000EE86F000EE96FE951E811E71109E17F
:103968000A0EE65DD8A0BBEF1CF0BDEF1CF0BFEF60
:103978001CF0E4EF1CF0090E0301836F1E0E826F2A
:10398800E40EE82EFED7822FFCD7832FFAD700004B
:103998008290090E0301836F1E0E826FE40EE82EDB
:1039A800FED7822FFCD7832FFAD700008280010E22
:1039B8000001E627000EE723E823E923B0EF1CF017
:1039C8004A6AB8EC4FF0F28E000E0001736F000ED9
:1039D800726F93EC4EF00301826F82510001E66F23
:1039E800E76BE86BE96B210EE619E711E811E911BD
:1039F800D8B401EF1DF003EF1DF009EF1DF02D0EF7
:103A0800B06FF60EB16F6BEC4EF0000E0001BB6F9D
:103A1800000EBC6F000EBD6F000EBE6F33EC3AF0A7
:103A2800030100510001E66FE76BE86BE96B030ED9
:103A3800E619E711E811E911D8B425EF1DF027EFD1
:103A48001DF02DEF1DF06B0EB06FF60EB16F6BEC25
:103A58004EF0808681B433EF1DF035EF1DF098EFFE
:103A68001DF0150E0301826FC60EE82EFED7822FB9
:103A7800FCD70000010E01014827000E49234A2304
:103A88004B234B514A110BE1890E485D130E4959DE
:103A9800D8A051EF1DF053EF1DF098EF1DF0829064
:103AA800000E486F000E496F000E4A6F000E4B6FF4
:103AB800D60E0001B06FF80EB16F6BEC4EF0010E30
:103AC80001016B6F000E6A6F510E6A5D010E6B5932
:103AD800D8A071EF1DF073EF1DF075EF1DF083EFA7
:103AE8001DF06AC172F06BC173F0FF0E0001746FB4
:103AF800E4EC4BF001016A4B6B2B68EF1DF0520EA2
:103B08000301836F2B0E826F000EE82EFED7822FE3
:103B1800FCD7832FFAD70000828081A496EF1DF08E
:103B280098EF1DF091EF1DF001018A51D8A49FEF85
:103B38001DF0A1EF1DF0DAEF1DF081A4A6EF1DF036
:103B4800A8EF1DF0DAEF1DF04B514A11491109E1B8
:103B5800C90E485DD8A0B3EF1DF0B5EF1DF0DAEF40
:103B68001DF04B514A1109E1E80E485D030E495911
:103B7800D8B0C1EF1DF0C3EF1DF0DAEF1DF0500E05
:103B8800406FC30E416F000E426F000E436F000E70
:103B9800446F000E456F000E466F000E476F1A0EF9
:103BA8000001B06FF90EB16F6BEC4EF0010140519E
:103BB8004111421143114411451146114711D8B41E
:103BC800E8EF1DF0EAEF1DF058EF1EF04007000E79
:103BD800415B425B435B445B455B465B475B40C183
:103BE80072F041C173F042C174F043C175F044C131
:103BF80076F045C177F046C178F047C179F0E80E14
:103C080000017A6F030E7B6F000E7C6F000E7D6FD4
:103C1800000E7E6F000E7F6F000E806F000E816FAA
:103C280027EC43F072C082F373C083F374C084F34B
:103C380075C085F376C086F377C087F378C088F3BC
:103C480079C089F30301825183118411851186118A
:103C5800871188118911D8A434EF1EF036EF1EF0B1
:103C68003FEF1EF082A03BEF1EF03EEF1EF0828079
:103C78003FEF1EF082900101405141114211431162
:103C88004411451146114711D8A44DEF1EF04FEFCE
:103C98001EF058EF1EF0816BE90E0001B06FFA0EAE
:103CA800B16F6BEC4EF08280000E81B4010E010101
:103CB8008A6F81A462EF1EF064EF1EF06CEF1EF0B5
:103CC800000E486F000E496F000E4A6F000E4B6FD2
:103CD8008D51D8A472EF1EF074EF1EF076EF1EF02F
:103CE80055EC41F001018751D8B47DEF1EF07FEF0C
:103CF8001EF081EF1EF06FEC17F001018D51D8B462
:103D080088EF1EF08AEF1EF02EEF1DF00001DE5145
:103D1800DF11E011E111E211E311E411E511D8B46A
:103D280098EF1EF09AEF1EF02EEF1DF001018D6B3B
:103D3800F29E020E4A18D8A4A4EF1EF0A6EF1EF0B9
:103D4800A8EF1EF06FEC17F04904D8A4AEEF1EF0F0
:103D5800B0EF1EF0DFEF1EF04A50D8B4B6EF1EF0F9
:103D6800B8EF1EF0D1EF1EF0DEC0BBF0DFC0BCF034
:103D7800E0C0BDF0E1C0BEF0E2C0BFF0E3C0C0F0FB
:103D8800E4C0C1F0E5C0C2F065EC40F0FD0E0001F2
:103D9800B06FFE0EB16F6BEC4EF015EC20F0000921
:103DA800D8B4D9EF1EF0DBEF1EF0DFEF1EF0D4EC35
:103DB80034F0DDEC36F0020E4918D8A4E6EF1EF018
:103DC800E8EF1EF013EF1FF0DEC038F1DFC039F165
:103DD800E0C03AF1E1C03BF1E2C03CF1E3C03DF1A3
:103DE800E4C03EF1E5C03FF1940E0001B06FFC0E57
:103DF800B16F6BEC4EF0DEC0BBF0DFC0BCF0E0C0D2
:103E0800BDF0E1C0BEF0E2C0BFF0E3C0C0F0E4C066
:103E1800C1F0E5C0C2F0C8EC4DF0DDEC36F0040EA0
:103E28004918D8A41AEF1FF01CEF1FF04BEF1FF032
:103E380077EC26F0E806D8A424EF1FF026EF1FF051
:103E48004BEF1FF0B80E0001B06FFC0EB16F6BECBA
:103E58004EF038C1BBF039C1BCF03AC1BDF03BC12E
:103E6800BEF03CC1BFF03DC1C0F03EC1C1F03FC192
:103E7800C2F0C8EC4DF06E0E0001B06FFE0EB16FCF
:103E880048C0B2F0B36B6BEC4EF0DDEC36F0030ECD
:103E98004918D8A452EF1FF054EF1FF0B2EF1FF0EB
:103EA80065EC39F00101385139113A113B113C11D7
:103EB8003D113E113F11D8B464EF1FF066EF1FF0BB
:103EC800B2EF1FF0A60E0001B06FFC0EB16F6BECE5
:103ED8004EF038C1BBF039C1BCF03AC1BDF03BC1AE
:103EE800BEF03CC1BFF03DC1C0F03EC1C1F03FC112
:103EF800C2F0C8EC4DF0A60E0001B06FFF0EB16F16
:103F080038C1B2F039C1B3F03AC1B4F03BC1B5F031
:103F18006BEC4EF0FF0E0001B06FFE0EB16F6BEC54
:103F28004EF0050E48609BEF1FF09DEF1FF0A9EFC4
:103F38001FF09E0E0001B06FFA0EB16F48C0B2F0CC
:103F4800B36B6BEC4EF0B0EF1FF0CF0E0001B06F0B
:103F5800FF0EB16F6BEC4EF0DDEC36F0050E491834
:103F6800D8A4B9EF1FF0BBEF1FF0C4EF1FF0260E67
:103F78000001B06FFC0EB16F6BEC4EF05DEC49F0D8
:103F8800060E4918D8A4CBEF1FF0CDEF1FF0E8EFCD
:103F98001FF0130E0001B06FFC0EB16F6BEC4EF00A
:103FA8000101385139113A113B113C113D113E11B3
:103FB8003F11D8B4E2EF1FF0E4EF1FF0E8EF1FF075
:103FC8003AEC47F0DDEC36F0070E4918D8A4EFEFCD
:103FD8001FF0F1EF1FF00CEF20F0D90E0001B06FC9
:103FE800FB0EB16F6BEC4EF0E7EC46F00101385177
:103FF80039113A113B113C113D113E113F11D8B412
:1040080008EF20F00AEF20F00CEF20F0DDEC36F09E
:10401800000E476E000E466EF28E2EEF1DF003EF77
:1040280010F0DEC0BBF0DFC0BCF0E0C0BDF0E1C006
:10403800BEF0E2C0BFF0E3C0C0F0E4C0C1F0E5C02C
:10404800C2F0040ED8900001BB37BC37BD37BE376D
:10405800BF37C037C137C237E82E26EF20F0BBC0C4
:10406800C5F0BCC0C6F0BDC0C7F0BEC0C8F0BFC078
:10407800C9F0C0C0CAF0C1C0CBF0C2C0CCF020EEBD
:10408800C5F0F00EDE18C56FFF0EDE18C66FFF0E06
:10409800DE18C76FFF0EDE18C86FFF0EDE18C96F77
:1040A800FF0EDE18CA6FFF0EDE18CB6F000EDE188B
:1040B800CC6FC5C0BBF0C6C0BCF0C7C0BDF0C8C09F
:1040C800BEF0C9C0BFF0CAC0C0F0CBC0C1F0CCC000
:1040D800C2F0310E79EF20F0D890C233C133C0332B
:1040E800BF33BE33BD33BC33BB33E82E70EF20F093
:1040F800BBC0CDF0BCC0CEF0BDC0CFF0BEC0D0F0CC
:10410800BFC0D1F0C0C0D2F0C1C0D3F0C2C0D4F09B
:10411800CD39F00BF00B4D6E040EBB6FCDC0BCF06B
:10412800CEC0BDF0CFC0BEF0D0C0BFF0D1C0C0F08F
:10413800D2C0C1F0D3C0C2F0D4C0C3F0BB67A7EFF0
:1041480020F0B3EF20F0C335C333C233C133C033DB
:10415800BF33BE33BD33BC33BB2FA2EF20F0000109
:10416800BC510F0B4E6EC5C0BBF0C6C0BCF0C7C07B
:10417800BDF0C8C0BEF0C9C0BFF0CAC0C0F0CBC057
:10418800C1F0CCC0C2F0290ED3EF20F0D890C233D2
:10419800C133C033BF33BE33BD33BC33BB33E82E6A
:1041A800CAEF20F0BBC0CDF0BCC0CEF0BDC0CFF090
:1041B800BEC0D0F0BFC0D1F0C0C0D2F0C1C0D3F0F3
:1041C800C2C0D4F0040EBB6FCDC0BCF0CEC0BDF0F1
:1041D800CFC0BEF0D0C0BFF0D1C0C0F0D2C0C1F0D7
:1041E800D3C0C2F0D4C0C3F0BB67FDEF20F009EF25
:1041F80021F0C335C333C233C133C033BF33BE33F9
:10420800BD33BC33BB2FF8EF20F00001BC510F0BBE
:104218004D104D6ECD39F00BF00B4C6EC5C0BBF098
:10422800C6C0BCF0C7C0BDF0C8C0BEF0C9C0BFF0B2
:10423800CAC0C0F0CBC0C1F0CCC0C2F0210E2EEF76
:1042480021F0D890C233C133C033BF33BE33BD333E
:10425800BC33BB33E82E25EF21F0BBC0CDF0BCC08A
:10426800CEF0BDC0CFF0BEC0D0F0BFC0D1F0C0C04E
:10427800D2F0C1C0D3F0C2C0D4F0040EBB6FCDC021
:10428800BCF0CEC0BDF0CFC0BEF0D0C0BFF0D1C032
:10429800C0F0D2C0C1F0D3C0C2F0D4C0C3F0BB6775
:1042A80058EF21F064EF21F0C335C333C233C13373
:1042B800C033BF33BE33BD33BC33BB2F53EF21F004
:1042C8000001BC510F0B4C104C6ECD39F00BF00BAC
:1042D8004B6EC5C0BBF0C6C0BCF0C7C0BDF0C8C0FF
:1042E800BEF0C9C0BFF0CAC0C0F0CBC0C1F0CCC0DE
:1042F800C2F0190E89EF21F0D890C233C133C03310
:10430800BF33BE33BD33BC33BB33E82E80EF21F05F
:10431800BBC0CDF0BCC0CEF0BDC0CFF0BEC0D0F0A9
:10432800BFC0D1F0C0C0D2F0C1C0D3F0C2C0D4F079
:10433800040EBB6FCDC0BCF0CEC0BDF0CFC0BEF088
:10434800D0C0BFF0D1C0C0F0D2C0C1F0D3C0C2F05D
:10435800D4C0C3F0BB67B3EF21F0BFEF21F0C33582
:10436800C333C233C133C033BF33BE33BD33BC33B1
:10437800BB2FAEEF21F00001BC510F0B4B104B6E61
:10438800CD39F00BF00B01019D6FC5C0BBF0C6C065
:10439800BCF0C7C0BDF0C8C0BEF0C9C0BFF0CAC03D
:1043A800C0F0CBC0C1F0CCC0C2F0110EE6EF21F0D6
:1043B8000001D890C233C133C033BF33BE33BD33DD
:1043C800BC33BB33E82EDCEF21F0BBC0CDF0BCC062
:1043D800CEF0BDC0CFF0BEC0D0F0BFC0D1F0C0C0DD
:1043E800D2F0C1C0D3F0C2C0D4F0040EBB6FCDC0B0
:1043F800BCF0CEC0BDF0CFC0BEF0D0C0BFF0D1C0C1
:10440800C0F0D2C0C1F0D3C0C2F0D4C0C3F0BB6703
:1044180010EF22F01CEF22F0C335C333C233C1338F
:10442800C033BF33BE33BD33BC33BB2F0BEF22F0D9
:104438000001BC510F0B01019D119D6F0001CD3989
:10444800F00BF00B01019C6FC5C0BBF0C6C0BCF0FF
:10445800C7C0BDF0C8C0BEF0C9C0BFF0CAC0C0F078
:10446800CBC0C1F0CCC0C2F0BCC0BBF0BDC0BCF07A
:10447800BEC0BDF0BFC0BEF0C0C0BFF0C1C0C0F07C
:10448800C2C0C1F00001C26BBBC0CDF0BCC0CEF051
:10449800BDC0CFF0BEC0D0F0BFC0D1F0C0C0D2F018
:1044A800C1C0D3F0C2C0D4F0040EBB6FCDC0BCF005
:1044B800CEC0BDF0CFC0BEF0D0C0BFF0D1C0C0F0FC
:1044C800D2C0C1F0D3C0C2F0D4C0C3F0BB676FEF95
:1044D80022F07BEF22F0C335C333C233C133C0337C
:1044E800BF33BE33BD33BC33BB2F6AEF22F00001AC
:1044F800BC510F0B01019C119C6F0001CD39F00BD1
:10450800F00B01019B6FC5C0CDF0C6C0CEF0C7C08F
:10451800CFF0C8C0D0F0C9C0D1F0CAC0D2F0CBC06B
:10452800D3F0CCC0D4F0040E0001BB6FCDC0BCF0FA
:10453800CEC0BDF0CFC0BEF0D0C0BFF0D1C0C0F07B
:10454800D2C0C1F0D3C0C2F0D4C0C3F0BB67AFEFD4
:1045580022F0BBEF22F0C335C333C233C133C033BB
:10456800BF33BE33BD33BC33BB2FAAEF22F00001EB
:10457800BC510F0B01019B119B6F36EC4CF00001F5
:10458800C46F4A50D8B4CBEF22F0CDEF22F069EFD8
:1045980023F0C451D8B4D3EF22F0D5EF22F0DDEFE9
:1045A80022F0880EB06FFF0EB16F6BEC4EF0E3EFA8
:1045B80022F0970EB06FFF0EB16F6BEC4EF0800ECD
:1045C8000001B06FFF0EB16F4EC0B2F0B36B6BEC71
:1045D8004EF0E40E0001B06FFF0EB16F6BEC4EF0C1
:1045E800800E0001B06FFF0EB16F4DC0B2F0B36B1B
:1045F8006BEC4EF0E40E0001B06FFF0EB16F6BEC88
:104608004EF0800E0001B06FFF0EB16F4CC0B2F0DB
:10461800B36B6BEC4EF0E40E0001B06FFF0EB16FA0
:104628006BEC4EF0800E0001B06FFF0EB16F4BC007
:10463800B2F0B36B6BEC4EF0E40E0001B06FFF0EFE
:10464800B16F6BEC4EF0800E0001B06FFF0EB16FD2
:104658009DC1B2F0B36B6BEC4EF0E40E0001B06F8D
:10466800FF0EB16F6BEC4EF0800E0001B06FFF0EC5
:10467800B16F9CC1B2F0B36B6BEC4EF0E40E00016D
:10468800B06FFF0EB16F6BEC4EF0800E0001B06F93
:10469800FF0EB16F9BC1B2F0B36B6BEC4EF0CC0E5A
:1046A8000001B06FFF0EB16F6BEC4EF00001C4510A
:1046B800D8A461EF23F063EF23F069EF23F01E0E17
:1046C800B06FFA0EB16F6BEC4EF00001C4511200DE
:1046D800D890000172357A6F73357B6F74357C6FB3
:1046E80075357D6F76357E6F77357F6F7835806F5E
:1046F8007935816FAA0E7A15826FAA0E7B15836FA2
:10470800AA0E7C15846FAA0E7D15856FAA0E7E15DC
:10471800866FAA0E7F15876FAA0E8015886FAA0E5E
:104728008115896F72C08AF073C08BF074C08CF0E9
:1047380075C08DF076C08EF077C08FF078C090F09D
:1047480079C091F0D890913390338F338E338D3375
:104758008C338B338A33550E8A15926F550E8B1511
:10476800936F550E8C15946F550E8D15956F550ECC
:104778008E15966F550E8F15976F550E9015986F6D
:10478800550E9115996F82519211726F8351931141
:10479800736F84519411746F85519511756F86519B
:1047A8009611766F87519711776F88519811786FA6
:1047B80089519911796F72C07AF073C07BF074C017
:1047C8007CF075C07DF076C07EF077C07FF078C051
:1047D80080F079C081F0020ED8907A377B377C3729
:1047E8007D377E377F3780378137E82EF0EF23F02B
:1047F800CC0E7A15826FCC0E7B15836FCC0E7C1590
:10480800846FCC0E7D15856FCC0E7E15866FCC0E11
:104818007F15876FCC0E8015886FCC0E8115896F38
:1048280072C08AF073C08BF074C08CF075C08DF0C4
:1048380076C08EF077C08FF078C090F079C091F094
:10484800030E30EF24F0D890913390338F338E33AA
:104858008D338C338B338A33E82E27EF24F0330ED5
:104868008A15926F330E8B15936F330E8C15946FD8
:10487800330E8D15956F330E8E15966F330E8F157B
:10488800976F330E9015986F330E9115996F82516B
:104898009211726F83519311736F84519411746FD5
:1048A80085519511756F86519611766F87519711BD
:1048B800776F88519811786F89519911796F72C003
:1048C8007AF073C07BF074C07CF075C07DF076C060
:1048D8007EF077C07FF078C080F079C081F0040E58
:1048E800D8907A377B377C377D377E377F3780376C
:1048F8008137E82E74EF24F0F00E7A15826FF00EEF
:104908007B15836FF00E7C15846FF00E7D15856F17
:10491800F00E7E15866FF00E7F15876FF00E8015EE
:10492800886FF00E8115896F72C08AF073C08BF0A2
:1049380074C08CF075C08DF076C08EF077C08FF0A3
:1049480078C090F079C091F0050EB4EF24F0D890BB
:10495800913390338F338E338D338C338B338A334B
:10496800E82EABEF24F00F0E8A15926F0F0E8B1501
:10497800936F0F0E8C15946F0F0E8D15956F0F0E8C
:104988008E15966F0F0E8F15976F0F0E9015986FE7
:104998000F0E9115996F82519211726F8351931175
:1049A800736F84519411746F85519511756F865189
:1049B8009611766F87519711776F88519811786F94
:1049C80089519911796F72C07BF073C07CF074C003
:1049D8007DF075C07EF076C07FF077C080F078C03B
:1049E80081F07A6B000E7A15826FFF0E7B15836F4C
:1049F800000E7C15846FFF0E7D15856F000E7E15E9
:104A0800866FFF0E7F15876F000E8015886FFF0E6B
:104A18008115896F72C08AF073C08BF074C08CF0F6
:104A280075C08DF076C08EF077C08FF078C090F0AA
:104A380079C091F08BC08AF08CC08BF08DC08CF05F
:104A48008EC08DF08FC08EF090C08FF091C090F026
:104A5800916BFF0E8A15926F000E8B15936FFF0EE8
:104A68008C15946F000E8D15956FFF0E8E15966F31
:104A7800000E8F15976FFF0E9015986F000E911509
:104A8800996F82519211726F83519311736F845190
:104A98009411746F85519511756F86519611766FC3
:104AA80087519711776F88519811786F89519911AB
:104AB800796F72C07AF073C07BF074C07CF075C0F7
:104AC8007DF076C07EF077C07FF078C080F079C046
:104AD80081F07FC081F07EC080F07DC07FF07CC017
:104AE8007EF07BC07DF07AC07CF07B6B7A6B000E29
:104AF8007A15826F000E7B15836FFF0E7C15846F0D
:104B0800FF0E7D15856F000E7E15866F000E7F15D2
:104B1800876FFF0E8015886FFF0E8115896F72C031
:104B28008AF073C08BF074C08CF075C08DF076C0BD
:104B38008EF077C08FF078C090F079C091F0110EA8
:104B4800AFEF25F0D890913390338F338E338D3378
:104B58008C338B338A33E82EA6EF25F0FF0E8A15A7
:104B6800926FFF0E8B15936F000E8C15946F000ECD
:104B78008D15956FFF0E8E15966FFF0E8F15976F1B
:104B8800000E9015986F000E9115996F8251921131
:104B9800726F83519311736F84519411746F85519F
:104BA8009511756F86519611766F87519711776FAA
:104BB80088519811786F89519911796F72C07AF07C
:104BC80073C07BF074C07CF075C07DF076C07EF059
:104BD80077C07FF078C080F079C081F0200ED8903F
:104BE8007A377B377C377D377E377F378037813719
:104BF800E82EF3EF25F0000E7A15826F000E7B1574
:104C0800836F000E7C15846F000E7D15856FFF0E77
:104C18007E15866FFF0E7F15876FFF0E8015886FD4
:104C2800FF0E8115896F72C08AF073C08BF074C053
:104C38008CF075C08DF076C08EF077C08FF078C09C
:104C480090F079C091F0210E33EF26F0D89091338F
:104C580090338F338E338D338C338B338A33E82EF6
:104C68002AEF26F0FF0E8A15926FFF0E8B15936FB1
:104C7800FF0E8C15946FFF0E8D15956F000E8E1517
:104C8800966F000E8F15976F000E9015986F000E97
:104C98009115996F82519211726F83519311736FAD
:104CA80084519411746F85519511756F86519611C1
:104CB800766F87519711776F88519811786F89515E
:104CC8009911796F72C072F073C073F074C074F088
:104CD80075C075F076C076F077C077F078C078F058
:104CE80079C079F012004A04D8A47DEF26F07FEF4E
:104CF80026F098EF26F0DEC0BBF0DFC0BCF0E0C0C5
:104D0800BDF0E1C0BEF0E2C0BFF0E3C0C0F0E4C057
:104D1800C1F0E5C0C2F065EC40F01E0E0001B06FB6
:104D2800FA0EB16F6BEC4EF0E4C04EF0E3C04DF0FC
:104D3800DEC0D3F0DFC0D4F0E0C0D5F0E1C0D6F0DB
:104D4800E2C0D7F0E3C0D8F0E4C0D9F0E5C0DAF0AB
:104D5800210EB9EF26F00001D890DA33D933D833D1
:104D6800D733D633D533D433D333E82EAFEF26F049
:104D7800D3514C6EDEC0D3F0DFC0D4F0E0C0D5F024
:104D8800E1C0D6F0E2C0D7F0E3C0D8F0E4C0D9F073
:104D9800E5C0DAF0190EDAEF26F0D890DA33D93315
:104DA800D833D733D633D533D433D333E82ED1EFF2
:104DB80026F0D3514B6EDEC0D3F0DFC0D4F0E0C094
:104DC800D5F0E1C0D6F0E2C0D7F0E3C0D8F0E4C037
:104DD800D9F0E5C0DAF0110EFBEF26F0D890DA33FF
:104DE800D933D833D733D633D533D433D333E82E66
:104DF800F2EF26F0D35101019D6FDEC0D3F0DFC082
:104E0800D4F0E0C0D5F0E1C0D6F0E2C0D7F0E3C0FE
:104E1800D8F0E4C0D9F0E5C0DAF0D4C0D3F0D5C0FA
:104E2800D4F0D6C0D5F0D7C0D6F0D8C0D7F0D9C006
:104E3800D8F0DAC0D9F00001DA6BD35101019C6FC8
:104E4800DEC09BF19B519C199B6F9C519D199C6FD7
:104E58009D514B189D6F4B504C184B6E4C504D1834
:104E68004C6E4D504E184D6E4A04D8A43EEF27F0B4
:104E780040EF27F08DEF27F0CD0E0001B06FFD0E4B
:104E8800B16F6BEC4EF07D0E0001B06FFF0EB16F8D
:104E98004EC0B2F0B36B6BEC4EF0480E0001B06F31
:104EA800FF0EB16F4DC0B2F0B36B6BEC4EF04F0E0E
:104EB8000001B06FFF0EB16F4CC0B2F0B36B6BEC7A
:104EC8004EF0560E0001B06FFF0EB16F4BC0B2F03E
:104ED800B36B6BEC4EF05D0E0001B06FFF0EB16F5F
:104EE8009DC1B2F0B36B6BEC4EF0640E0001B06F75
:104EF800FF0EB16F9CC1B2F0B36B6BEC4EF0E40ED9
:104F08000001B06FFE0EB16F9BC1B2F0B36B6BECDA
:104F18004EF04E380F0B4E180001DB6F4D380F0B5B
:104F2800DB194D18DB6F4C380F0BDB194C18DB6F96
:104F38004B380F0BDB194B18DB6F01019D390F0B39
:104F48000001DB1901019D190001DB6F01019C398A
:104F58000F0B0001DB1901019C190001DB6F010136
:104F68009B390F0B0001DB1901019B190001DB6F55
:104F7800DB510F0BDB6F4D380F0B0F0B486E080E14
:104F88004818D8B4CAEF27F0CDEF27F0010ECEEFBE
:104F980027F0000E0101816F4C500001D46FD36BD4
:104FA8004B50D3250101666F000E0001D421010189
:104FB800676F9DC1D3F00001D46BD56BD66BD76BEF
:104FC800D86BD96BDA6BD8C0DAF0D7C0D9F0D6C0B5
:104FD800D8F0D5C0D7F0D4C0D6F0D3C0D5F0D46BB4
:104FE800D36BD3C038F1D4C039F1D5C03AF1D6C0AB
:104FF8003BF1D7C03CF1D8C03DF1D9C03EF1DAC091
:105008003FF19CC1D3F0D46BD56BD66BD76BD86B03
:10501800D96BDA6BD9C0DAF0D8C0D9F0D7C0D8F0DC
:10502800D6C0D7F0D5C0D6F0D4C0D5F0D3C0D4F010
:10503800D36B010138510001D3110101386F395187
:105048000001D4110101396F3A510001D511010154
:105058003A6F3B510001D61101013B6F3C510001F1
:10506800D71101013C6F3D510001D81101013D6F7D
:105078003E510001D91101013E6F3F510001DA1183
:1050880001013F6F9B513825386F000E3921396F68
:10509800000E3A213A6F000E3B213B6F000E3C2177
:1050A8003C6F000E3D213D6F000E3E213E6F000E0D
:1050B8003F213F6F4A04D8A464EF28F066EF28F038
:1050C800F9EF28F0090E0001B06FFE0EB16FDBC0DA
:1050D800B2F0B36B6BEC4EF00001DB51D8B477EF54
:1050E80028F079EF28F07FEF28F0390EB06FFF0E27
:1050F800B16F6BEC4EF01E0E0001B06FFA0EB16F7F
:105108006BEC4EF0150E0001B06FFE0EB16F4EC085
:10511800B2F0B36B6BEC4EF04E50F00BA00AD8B463
:1051280098EF28F09AEF28F0A1EF28F0830E0001FD
:10513800B06FFE0EB16F6BEC4EF01E0E0001B06F3B
:10514800FA0EB16F6BEC4EF01F0E0001B06FFD0E42
:10515800B16F4EC0D3F00F0ED317D351B26FB36BEC
:105168006BEC4EF08A0E0001B06FFD0EB16F48C0B7
:10517800B2F0B36B6BEC4EF0ED0E0001B06FFE0EAB
:10518800B16F4DC0D3F00F0ED317D351B26FB36BBD
:105198006BEC4EF0E50E0001B06FFD0EB16F66C10D
:1051A800B2F067C1B3F06BEC4EF0BF0E0001B06F08
:1051B800FE0EB16F6BEC4EF038C1BBF039C1BCF0DC
:1051C8003AC1BDF03BC1BEF03CC1BFF03DC1C0F02B
:1051D8003EC1C1F03FC1C2F0C8EC4DF01E0E000147
:1051E800B06FFA0EB16F6BEC4EF00001DB51D8B422
:1051F80000EF29F003EF29F0010E04EF29F0000E6B
:105208001200000E0001E66F000EE76F000EE86F57
:10521800000EE96FE6C0C7F0E7C0C8F0D890C737FE
:10522800C837D890C737C837000EC725726F010E28
:10523800C821736F93EC4EF00001C96FC951D36F49
:10524800D46BD56BD66BE6C0C7F0E7C0C8F0D89072
:10525800C737C837D890C737C837010EC725726F08
:10526800010EC821736F93EC4EF00001C96FC9C0DD
:10527800CAF0CB6BCC6BCD6BCCC0CDF0CBC0CCF037
:10528800CAC0CBF0CA6BD351CA25D36FD451CB2136
:10529800D46FD551CC21D56FD651CD21D66FE6C06C
:1052A800C7F0E7C0C8F0D890C737C837D890C73715
:1052B800C837020EC725726F010EC821736F93ECB1
:1052C8004EF00001C96FC9C0CAF0CB6BCC6BCD6B77
:1052D800CBC0CDF0CAC0CCF0CB6BCA6BD351CA25BA
:1052E800D36FD451CB21D46FD551CC21D56FD651A2
:1052F800CD21D66FE6C0C7F0E7C0C8F0D890C73751
:10530800C837D890C737C837030EC725726F010E44
:10531800C821736F93EC4EF00001C96FC9C0CAF081
:10532800CB6BCC6BCD6BCAC0CDF0CC6BCB6BCA6BE7
:10533800D351CA25D36FD451CB21D46FD551CC21A9
:10534800D56FD651CD21D66F010EE627000EE72383
:10535800E823E923D3290CE1D4290AE1D52908E176
:10536800D629D8B4BAEF29F0BCEF29F0C9EF29F053
:10537800E951E811E71109E1140EE65DD8A0C7EF7D
:1053880029F0C9EF29F00EEF29F0E607000EE75BD8
:10539800E85BE95BE951E811E71109E1150EE65D03
:1053A800D8A0D9EF29F0DBEF29F0E3EF29F00F0EB1
:1053B800B06FFD0EB16F6BEC4EF075EF2BF0E6C0E1
:1053C800C7F0E7C0C8F0D890C737C837D890C737F4
:1053D800C837000EC725726F010EC821736F38C118
:1053E80074F0E4EC4BF0E6C0C7F0E7C0C8F0000189
:1053F800D890C737C837D890C737C837010EC725E0
:10540800726F010EC821736F38C1C9F039C1CAF073
:105418003AC1CBF03BC1CCF03CC1CDF03DC1CEF0A0
:105428003EC1CFF03FC1D0F0CAC0C9F0CBC0CAF06E
:10543800CCC0CBF0CDC0CCF0CEC0CDF0CFC0CEF03C
:10544800D0C0CFF0D06BC951746FE4EC4BF0E6C01C
:10545800C7F0E7C0C8F00001D890C737C837D89060
:10546800C737C837020EC725726F010EC821736F80
:1054780038C1C9F039C1CAF03AC1CBF03BC1CCF050
:105488003CC1CDF03DC1CEF03EC1CFF03FC1D0F020
:10549800110E58EF2AF0D890D033CF33CE33CD3316
:1054A800CC33CB33CA33C933E82E4FEF2AF0C95176
:1054B800746FE4EC4BF04904D8A465EF2AF067EF69
:1054C8002AF0A3EF2AF0E6C0C7F0E7C0C8F0000151
:1054D800D890C737C837D890C737C837030EC725FD
:1054E800726F010EC821736F48C0C9F0C93BF00E36
:1054F800C91738C1CAF039C1CBF03AC1CCF03BC1A9
:10550800CDF03CC1CEF03DC1CFF03EC1D0F03FC19F
:10551800D1F0190E99EF2AF0D890D133D033CF3388
:10552800CE33CD33CC33CB33CA33E82E90EF2AF0C9
:10553800CA51C911746FE4EC4BF0EDEF2AF0030E79
:105548004918D8A4AAEF2AF0ACEF2AF0AEEF2AF057
:1055580067EF2AF0040E4918D8A4B5EF2AF0B7EF80
:105568002AF0B9EF2AF067EF2AF0E6C0C7F0E7C0E3
:10557800C8F00001D890C737C837D890C737C837A0
:10558800030EC725726F010EC821736F38C1C9F0A9
:1055980039C1CAF03AC1CBF03BC1CCF03CC1CDF027
:1055A8003DC1CEF03EC1CFF03FC1D0F0190EE6EFBD
:1055B8002AF0D890D033CF33CE33CD33CC33CB335E
:1055C800CA33C933E82EDDEF2AF0C951746FE4EC11
:1055D8004BF0980E0001B06FFD0EB16F6BEC4EF002
:1055E80038C1BBF039C1BCF03AC1BDF03BC1BEF017
:1055F8003CC1BFF03DC1C0F03EC1C1F03FC1C2F0E7
:10560800C8EC4DF0210E0001B06FFE0EB16F6BECCF
:105618004EF0000E0001E66F000EE76F000EE86F17
:10562800000EE96FE951E811E71109E10A0EE65D9C
:10563800D8A021EF2BF023EF2BF025EF2BF048EF2C
:105648002BF0050E0001C86F0F0EC76FF10EE82E84
:10565800FED7C72FFCD7C82FFAD78290050E0001B6
:10566800C86F0F0EC76FF10EE82EFED7C72FFCD7F5
:10567800C82FFAD78280010E0001E627000EE72323
:10568800E823E92316EF2BF038C174F039C175F01F
:105698003AC176F03BC177F09DEC33F00001D26F50
:1056A800D251D8B45AEF2BF05CEF2BF068EF2BF007
:1056B800D251020D000EF324D96E010EF420DA6ED9
:1056C80066C1DEFF67C1DDFF520E0001C86F2B0EF9
:1056D800C76F000EE82EFED7C72FFCD7C82FFAD702
:1056E8000000120000019E51D96EDA6ADECFF6FF83
:1056F800DDCFF7FFF86A0800F550250AD8A487EF30
:105708002BF089EF2BF02EEF2DF09E51D96EDA6A2F
:10571800DE2A000EDD22000E0101596F000E586FBF
:1057280058C180F15A695B690001A26BBBEF2BF08D
:105738000101808300019E51D96EDA6ADE2A000ECB
:10574800DD22BBEF2BF0010EA26FBBEF2BF09E51B9
:10575800D96EDA6ADECFF6FFDDCFF7FFF86A080008
:10576800F550300AD8B49CEF2BF0A7EF2BF0A251DC
:10577800D8B4C1EF2BF0C3EF2BF0ABEF2BF09EC0EA
:1057880072F09FC073F0DEEC45F072C058F173C040
:1057980059F1010159BFD5EF2BF0D3EF2BF0DAEF18
:1057A8002BF08081586D591FD8B0592B00019E519C
:1057B800D96EDA6ADECFA8F0DDCFA9F0A8C0F6FF6F
:1057C800A9C0F7FFF86A0800F5CFA7F0F7EF2BF0AC
:1057D800A84BA92B12EF2CF0690EA76F12EF2CF033
:1057E800A76B12EF2CF0A751580AD8B4F0EF2BF0A2
:1057F8003C0AD8B4F0EF2BF00D0AD8B4F0EF2BF038
:10580800050AD8B4ECEF2BF0190AD8B4F0EF2BF056
:105818000D0AD8B4F0EF2BF0F4EF2BF0A8C0F6FF88
:10582800A9C0F7FFF86A0800F550640AD8B41FEF5A
:105838002CF021EF2CF057EF2CF0A8C0F6FFA9C0F0
:10584800F7FFF86A0800F550690AD8A42EEF2CF083
:1058580030EF2CF07DEF2CF057EF2CF09F51D96EE4
:10586800DA6ADF50DF2ADF2AD96EDA6ADECFA3F0E0
:10587800DDCFA4F0000EA4BFFF0EA56FA66F62EFE8
:105888002CF09F51D96EDA6A040EDF26DF5CD96EE0
:10589800DA6ADECFA3F0DECFA4F0DECFA5F0DECF4C
:1058A800A6F062EF2CF0A751690AD8B432EF2CF0B9
:1058B800050AD8B445EF2CF062EF2CF0010EA825AC
:1058C800A06F000EA921A16F9E51D96EDA6AA0C0FF
:1058D800DEFFA1C0DDFF9DC08AF0A3C08BF0A4C08D
:1058E8008CF0A5C08DF0A6C08EF0C0EC37F040EF6C
:1058F8002DF0A8C0F6FFA9C0F7FFF86A0800F55018
:10590800780AD8B48AEF2CF08CEF2CF0D2EF2CF078
:10591800A8C0F6FFA9C0F7FFF86A0800F550580AB2
:10592800D8B499EF2CF09BEF2CF0D2EF2CF0A8C054
:10593800F6FFA9C0F7FFF86A0800F550750AD8A461
:10594800A8EF2CF0AAEF2CF025EF2DF0D2EF2CF0D9
:105958009F51D96EDA6ADF50DF2ADF2AD96EDA6AF8
:10596800DECFA0F0DDCFA1F0A0C0A3F0A1C0A4F0CD
:10597800A56BA66BDDEF2CF09F51D96EDA6A040E89
:10598800DF26DF5CD96EDA6ADECFA3F0DECFA4F0C3
:10599800DECFA5F0DECFA6F0DDEF2CF0A751690A27
:1059A800D8B4ACEF2CF0050AD8B4C0EF2CF0DDEF7A
:1059B8002CF0010EA825A06F000EA921A16F9E5101
:1059C800D96EDA6AA0C0DEFFA1C0DDFF10EF2DF0AE
:1059D8009DC08AF0A3C08BF0A4C08CF0A5C08DF048
:1059E800A6C08EF0B5EC3DF040EF2DF09DC08AF0DA
:1059F800A3C08BF0A4C08CF0A5C08DF0A6C08EF01B
:105A0800A8C0F6FFA9C0F7FFF86A0800F5CF8FF025
:105A180069EC3CF040EF2DF0A8C0F6FFA9C0F7FFF5
:105A2800F86A0800F550580AD8B4FAEF2CF02D0A95
:105A3800D8B4ECEF2CF00D0AD8B4FAEF2CF025EF1F
:105A48002DF000019E51D96EDA6ADE2A000EDD22A1
:105A580040EF2DF09E51D96EDA6ADECFF6FFDDCF2A
:105A6800F7FFF86A0800F550746F756B9DC076F003
:105A780023EC45F025EF2DF012002D50D96EDA6A8F
:105A8800DECFF6FFDDCFF7FFF86A0800F550250AEC
:105A9800D8A451EF2DF053EF2DF0F4EF2EF02D5048
:105AA800D96EDA6ADE2A000EDD22000E0101596F76
:105AB800000E586F58C180F15A695B69316A83EFEB
:105AC8002DF0010180832D50D96EDA6ADE2A000E8E
:105AD800DD2283EF2DF0010E316E83EF2DF02D5076
:105AE800D96EDA6ADECFF6FFDDCFF7FFF86A080075
:105AF800F550300AD8B465EF2DF06FEF2DF0315026
:105B0800D8B489EF2DF08BEF2DF073EF2DF02DC069
:105B180001F02EC002F08FEC46F001C058F102C02F
:105B280059F1010159BF9DEF2DF09BEF2DF0A2EF28
:105B38002DF08081586D591FD8B0592B2D50D96E32
:105B4800DA6ADECF37F0DDCF38F037C0F6FF38C07D
:105B5800F7FFF86A0800F5CF36F0BEEF2DF0374AA8
:105B6800382AD9EF2DF0690E366ED9EF2DF0366A46
:105B7800D9EF2DF03650580AD8B4B7EF2DF03C0ABB
:105B8800D8B4B7EF2DF00D0AD8B4B7EF2DF0050A49
:105B9800D8B4B3EF2DF0190AD8B4B7EF2DF00D0A29
:105BA800D8B4B7EF2DF0BBEF2DF037C0F6FF38C0F3
:105BB800F7FFF86A0800F550640AD8B4E6EF2DF04C
:105BC800E8EF2DF01EEF2EF037C0F6FF38C0F7FFD4
:105BD800F86A0800F550690AD8A4F5EF2DF0F7EF38
:105BE8002DF044EF2EF01EEF2EF02E50D96EDA6A0B
:105BF800DF50DF2ADF2AD96EDA6ADECF32F0DDCF56
:105C080033F0000E33BEFF0E346E356E29EF2EF0E2
:105C18002E50D96EDA6A040EDF26DF5CD96EDA6A96
:105C2800DECF32F0DECF33F0DECF34F0DECF35F02A
:105C380029EF2EF03650690AD8B4F9EF2DF0050A8D
:105C4800D8B40CEF2EF029EF2EF0010E37242F6E6A
:105C5800000E3820306E2D50D96EDA6A2FC0DEFF64
:105C680030C0DDFF2CC019F032C01AF033C01BF071
:105C780034C01CF035C01DF095EC38F006EF2FF05D
:105C880037C0F6FF38C0F7FFF86A0800F550780A01
:105C9800D8B451EF2EF053EF2EF099EF2EF037C015
:105CA800F6FF38C0F7FFF86A0800F550580AD8B46C
:105CB80060EF2EF062EF2EF099EF2EF037C0F6FF6E
:105CC80038C0F7FFF86A0800F550750AD8A46FEFD6
:105CD8002EF071EF2EF0ECEF2EF099EF2EF02E5003
:105CE800D96EDA6ADF50DF2ADF2AD96EDA6ADECFA8
:105CF8002FF0DDCF30F02FC032F030C033F0346AEF
:105D0800356AA4EF2EF02E50D96EDA6A040EDF261B
:105D1800DF5CD96EDA6ADECF32F0DECF33F0DECF69
:105D280034F0DECF35F0A4EF2EF03650690AD8B43F
:105D380073EF2EF0050AD8B487EF2EF0A4EF2EF0FB
:105D4800010E37242F6E000E3820306E2D50D96E7C
:105D5800DA6A2FC0DEFF30C0DDFFD7EF2EF02CC08F
:105D680019F032C01AF033C01BF034C01CF035C033
:105D78001DF0D0EC3EF006EF2FF02CC019F032C029
:105D88001AF033C01BF034C01CF035C01DF037C00A
:105D9800F6FF38C0F7FFF86A0800F5CF1EF011ECDF
:105DA8003DF006EF2FF037C0F6FF38C0F7FFF86A6E
:105DB8000800F550580AD8B4C1EF2EF02D0AD8B40F
:105DC800B3EF2EF00D0AD8B4C1EF2EF0ECEF2EF0A1
:105DD8002D50D96EDA6ADE2A000EDD2206EF2FF08A
:105DE8002D50D96EDA6ADECFF6FFDDCFF7FFF86AFD
:105DF8000800F550036E046A2CC005F081EC45F0EC
:105E0800ECEF2EF01200010E0001D16F8280000E1F
:105E1800CE6F000ECD6F0101926B916BF29E290E31
:105E28000001CA6F960EC96F7F0EE82EFED7C92FE4
:105E3800FCD7CA2FFAD70001C705C811D8A427EF85
:105E48002FF029EF2FF02DEF2FF0040ED06F000E5A
:105E5800CF6F020EC719C811D8A435EF2FF037EF4E
:105E68002FF03BEF2FF0000ED06F020ECF6F010125
:105E7800986B000E4C6F000E4D6F000E4E6F000EAB
:105E88004F6F92C1D2F00001D151D8B44EEF2FF02C
:105E980050EF2FF056EF2FF090EC43F00001D36F46
:105EA8005AEF2FF05DEC44F00001D36FD16B010184
:105EB8009951D8B462EF2FF064EF2FF069EF2FF00B
:105EC800010E2AEC4FF0C1EF30F00001D305D8B431
:105ED80070EF2FF072EF2FF089EF2FF0040ED31927
:105EE800D8B479EF2FF07BEF2FF089EF2FF0170E52
:105EF800D319D8B482EF2FF084EF2FF089EF2FF069
:105F0800020E2AEC4FF0C1EF30F0D305D8A48FEF82
:105F18002FF091EF2FF072EF30F05DEC44F00101BB
:105F2800926F9951D8B49BEF2FF09DEF2FF0A2EF0D
:105F38002FF0040E2AEC4FF0C1EF30F00001D22907
:105F4800D8A4A9EF2FF0ABEF2FF0ACEF2FF0D26968
:105F58005DEC44F00101916F9951D8B4B6EF2FF080
:105F6800B8EF2FF0BDEF2FF0050E2AEC4FF0C1EF80
:105F780030F09151FF0A9219D8B4C5EF2FF0C7EF4E
:105F88002FF0CCEF2FF0150EACEC4AF047EF2FF0C6
:105F9800010E0001E66F000EE76F000EE86F000EBD
:105FA800E96FF8EF2FF05DEC44F00001D36F0101C9
:105FB8009951D8B4E2EF2FF0E4EF2FF0E9EF2FF08A
:105FC800060E2AEC4FF0C1EF30F0000E0001E62576
:105FD800D96E050EE721DA6ED3C0DFFF010EE62782
:105FE800000EE723E823E923E951E811E71109E165
:105FF800830EE65DD8A003EF30F005EF30F0D7EF61
:106008002FF0000E736F800E726FCAEC48F072C0EA
:106018006AF173C06BF1050181510001CA6FC96B48
:10602800050182510001C9250101686F0501000EB3
:106038000001CA210101696F68516A1909E16951B2
:106048006B19D8B42AEF30F02CEF30F031EF30F084
:10605800070E2AEC4FF0C1EF30F00001C705C81158
:10606800D8A439EF30F03BEF30F056EF30F04CC1A8
:10607800C9F04DC1CAF04EC1CBF04FC1CCF0070EEC
:10608800D890C937CA37CB37CC37E82E44EF30F031
:10609800C9C0BBF0CAC0BCF0CBC0BDF0CCC0BEF01C
:1060A800F9EC35F0020E0001C719C811D8A45FEF4A
:1060B80030F061EF30F072EF30F04CC1C9F04DC1F3
:1060C800CAF0070ED890C937CA37E82E66EF30F005
:1060D800C9C076F0CAC077F023EC4BF0010E01017D
:1060E8004C27000E4D234E234F23060EACEC4AF0EE
:1060F80082A081EF30F084EF30F0828085EF30F0BD
:1061080082900001CF51C96FD051CA6FCB6BCC6B55
:10611800C95101014C5D0001CA5101014D590001ED
:10612800CB5101014E590001CC5101014F59D8A062
:10613800A0EF30F0A2EF30F045EF2FF0520E000143
:10614800CA6F2B0EC96F000EE82EFED7C92FFCD7D9
:10615800CA2FFAD7000001019851D8B4B6EF30F031
:10616800B8EF30F0BFEF30F06D0E0001B06FFD0EEC
:10617800B16F6BEC4EF0F28E82901200000E0001AF
:10618800B16F000EB06F84518511D8A4CEEF30F0F6
:10619800D0EF30F0D2EF30F042EF32F07CC086F032
:1061A800010E86177CC087F07DC088F07EC089F01C
:1061B8007FC08AF080C08BF081C08CF082C08DF0E7
:1061C80083C08EF088C087F089C088F08AC089F0C3
:1061D8008BC08AF08CC08BF08DC08CF08EC08DF097
:1061E8008E6B010E8717D89087358F6F7CC090F023
:1061F8007DC091F07EC092F07FC093F080C094F093
:1062080081C095F082C096F083C097F0140E16EF07
:1062180031F0D89097339633953394339333923340
:1062280091339033E82E0DEF31F0010E9017D8908E
:106238009037D89090377CC098F07DC099F07EC098
:106248009AF07FC09BF080C09CF081C09DF082C016
:106258009EF083C09FF01A0E3BEF31F0D8909F3329
:106268009E339D339C339B339A3399339833E82E6E
:1062780032EF31F0010E9817D8909837D8909837A8
:10628800D89098377CC0A0F07DC0A1F07EC0A2F065
:106298007FC0A3F080C0A4F081C0A5F082C0A6F0A2
:1062A80083C0A7F01F0E62EF31F0D890A733A63352
:1062B800A533A433A333A233A133A033E82E59EF77
:1062C80031F0010EA017A039F00B981190118F1121
:1062D8008611AD6FAD5163EC4DF00001AC6FB0515C
:1062E8000F083F0BAF6FAFC086F0070E8617AFC021
:1062F80072F0736B000E756F080E746FC1EC44F08A
:10630800000172517A25D96E73517B21DA6EDF5004
:10631800876F862B92EF31F0D8908733862F90EFD6
:1063280031F000018751AE6F7CC086F07DC087F0E8
:106338007EC088F07FC089F080C08AF081C08BF071
:1063480082C08CF083C08DF0100EB4EF31F0D8907D
:106358008D338C338B338A33893388338733863351
:10636800E82EABEF31F07CC08EF07DC08FF07EC0A0
:1063780090F07FC091F080C092F081C093F082C00D
:1063880094F083C095F0200ED3EF31F0D890953378
:10639800943393339233913390338F338E33E82E83
:1063A800CAEF31F0AEC096F0976B986B996B8E512F
:1063B80096199A6F8F5197199B6F905198199C6FE6
:1063C800915199199D6F86519A199E6F87519B1902
:1063D8009F6F88519C19A06F89519D19A16FAC516D
:1063E8009E19A86F9F51A96FA051AA6FA151AB6FB9
:1063F800010EA815866F000EA915876F000EAA1545
:10640800886F000EAB15896F8A6B8B6B8C6B8D6BED
:10641800D8907C358E6F7D358F6F7E35906F7F3548
:10642800916F8035926F8135936F8235946F833584
:10643800956F86518E117C6F87518F117D6F8851B2
:1064480090117E6F895191117F6F8A519211806FDF
:106458008B519311816F8C519411826F8D519511CD
:10646800836FB04BB12B8451B05D8551B159D8A021
:1064780040EF32F042EF32F0D2EF30F07CC07AF0E9
:106488007DC07BF07EC07CF07FC07DF080C07EF058
:1064980081C07FF082C080F083C081F0120072C09A
:1064A800CBF073C0CCF074C0CDF075C0CEF0000E48
:1064B8000001C76F000EC86F000EC96F000ECA6FCB
:1064C800CBC082F0010E8217CC51010B020DF3CF25
:1064D80083F0CBC084F0CCC085F0CDC086F0CEC0B0
:1064E80087F0140E7DEF32F0D890873386338533EA
:1064F8008433E82E78EF32F08451010B040DF3CF8A
:1065080088F0CBC089F0CCC08AF0CDC08BF0CEC06B
:106518008CF01A0E95EF32F0D8908C338B338A3387
:106528008933E82E90EF32F08951010B080DF3CF33
:106538008DF0CBC08EF0CCC08FF0CDC090F0CEC027
:1065480091F01F0EADEF32F0D890913390338F3326
:106558008E33E82EA8EF32F08E51010B100DF35058
:106568008D25882583258225926F2E0E936F740EB4
:10657800946F5C0E956F3A0E966F9267C6EF32F085
:10658800CEEF32F096359633953394339333922F7A
:10659800C1EF32F0010E00019315976F000E9415AC
:1065A800986F000E9515996F000E96159A6FC75142
:1065B8000F083F0B7AC09BF07BC09CF07CC09DF01D
:1065C8007DC09EF07EC09FF07FC0A0F080C0A1F08B
:1065D80081C0A2F0E82AFAEF32F0D890A233A133B2
:1065E800A0339F339E339D339C339B33E82EF1EFCA
:1065F80032F0010E9B15A36F000E9C15A46F000EC0
:106608009D15A56F000E9E15A66FCBC0A7F0CCC038
:10661800A8F0CDC0A9F0CEC0AAF0100E19EF33F043
:10662800D890AA33A933A833A733E82E14EF33F050
:10663800010EA715AB6F000EA815AC6F000EA915BB
:10664800AD6F000EAA15AE6FCBC0AFF0CCC0B0F0E6
:10665800CDC0B1F0CEC0B2F0200E38EF33F0D890F4
:10666800B233B133B033AF33E82E33EF33F0010E2A
:10667800AF15B36F000EB015B46F000EB115B56F3E
:10668800000EB215B66FD890CB35B76FCC35B86F52
:10669800CD35B96FCE35BA6FB351B719BB6FB45199
:1066A800B819BC6FB551B919BD6FB651BA19BE6FDB
:1066B800AB51BB19BF6FAC51BC19C06FAD51BD19FF
:1066C800C16FAE51BE19C26FA351BF19C36FA45198
:1066D800C019C46FA551C119C56FA651C219C66F9B
:1066E8009751C319CB6F9851C419CC6F9951C519DB
:1066F800CD6F9A51C619CE6F010EC727000EC82359
:10670800C923CA23CA51C9110BE1100EC75D020E75
:10671800C859D8A092EF33F094EF33F064EF32F019
:10672800CBC072F0CCC073F0CDC074F0CEC075F0A1
:106738001200000E0001846F000E836F4904D8A474
:10674800A8EF33F0AAEF33F0C4EF33F048C078F085
:10675800796B7A6B7B6B1C0ED890783779377A37E0
:106768007B37E82EB0EF33F074517811746F7551A0
:106778007911756F76517A11766F77517B11776F32
:10678800040E4918D8A4CBEF33F0CDEF33F0E7EF80
:1067980033F048C078F0796B7A6B7B6B1C0ED8901D
:1067A800783779377A377B37E82ED3EF33F074515F
:1067B8007811746F75517911756F76517A11766FFA
:1067C80077517B11776F030E4918D8A4EEEF33F099
:1067D800F0EF33F00AEF34F048C078F0796B7A6B59
:1067E8007B6B1C0ED890783779377A377B37E82E51
:1067F800F6EF33F074517811746F75517911756F24
:1068080076517A11766F77517B11776F83C078F064
:1068180084C079F0D89078377937D8907837793735
:10682800000E7825726F010E7921736F93EC4EF08C
:1068380000017A6F7A517F6F806B816B826B83C0A6
:1068480078F084C079F0D89078377937D89078374D
:106858007937010E7825726F010E7921736F93ECE9
:106868004EF000017A6F7AC07BF07C6B7D6B7E6B9B
:106878007DC07EF07CC07DF07BC07CF07B6B7F515F
:106888007B257F6F80517C21806F81517D21816FB5
:1068980082517E21826F83C078F084C079F0D890CD
:1068A80078377937D89078377937020E7825726F2C
:1068B800010E7921736F93EC4EF000017A6F7AC064
:1068C8007BF07C6B7D6B7E6B7CC07EF07BC07DF04B
:1068D8007C6B7B6B7F517B257F6F80517C21806F28
:1068E80081517D21816F82517E21826F83C078F032
:1068F80084C079F0D89078377937D8907837793755
:10690800030E7825726F010E7921736F93EC4EF0A8
:1069180000017A6F7AC07BF07C6B7D6B7E6B7BC0ED
:106928007EF07D6B7C6B7B6B7F517B257F6F80510D
:106938007C21806F81517D21816F82517E21826F00
:10694800834B842B7F5174190FE1805175190CE129
:106958008151761909E182517719D8B4B6EF34F02C
:10696800B8EF34F0C3EF34F0845109E1150E835DBC
:10697800D8A0C1EF34F0C3EF34F00AEF34F08451FB
:1069880009E1150E835DD8A0CCEF34F0CEEF34F0DA
:10699800D2EF34F0000E846F000E836F8351120023
:1069A8004C500101CE6FCD6B4B50CD25DD6F000EE5
:1069B800CE21DE6F000E676F000E666FDDC1D9F065
:1069C800DEC1DAF0B5EC3BF0D9C066F1DAC067F1A8
:1069D800010166510001726F736B93EC4EF0010177
:1069E800DF6FDF51DD19DF6F4D50DF190F0BD96FE6
:1069F8009D51DF19DA6F9C51DF19DB6F9B51DF194D
:106A0800DC6F21EE38F0070EDE6AE806FDE2DC51A5
:106A18003825386F000E3921396F000E3A213A6F48
:106A2800000E3B213B6F000E3C213C6F000E3D21C8
:106A38003D6F000E3E213E6F000E3F213F6FDBC1D0
:106A4800CDF1CE6BCF6BD06BCFC1D0F1CEC1CFF132
:106A5800CDC1CEF1CD6BCD51D16FCE51D26FCF51CB
:106A6800D36FD051D46FD56BD66BD76BD86B3851E9
:106A7800D125386F3951D221396F3A51D3213A6F24
:106A88003B51D4213B6F3C51D5213C6F3D51D62120
:106A98003D6F3E51D7213E6F3F51D8213F6FDAC13C
:106AA800CDF1CE6BCF6BD06BCEC1D0F1CDC1CFF1D4
:106AB800CE6BCD6BCD51D16FCE51D26FCF51D36F3D
:106AC800D051D46FD56BD66BD76BD86B3851D125D5
:106AD800386F3951D221396F3A51D3213A6F3B512E
:106AE800D4213B6F3C51D5213C6F3D51D6213D6FA0
:106AF8003E51D7213E6F3F51D8213F6FD9C1CDF1CB
:106B0800CE6BCF6BD06BCDC1D0F1CF6BCE6BCD6BD5
:106B1800CD51D16FCE51D26FCF51D36FD051D46FE9
:106B2800D56BD66BD76BD86B3851D125386F3951A7
:106B3800D221396F3A51D3213A6F3B51D4213B6F5F
:106B48003C51D5213C6F3D51D6213D6F3E51D72157
:106B58003E6F3F51D8213F6F4E500F0B486E4D3856
:106B68000F0B48180F0A966FCA0E0001B06FFC0E83
:106B7800B16F6BEC4EF038C1BBF039C1BCF03AC113
:106B8800BDF03BC1BEF03CC1BFF03DC1C0F03EC14D
:106B9800C1F03FC1C2F0C8EC4DF0630E0001B06F08
:106BA800FE0EB16F48C0B2F0B36B6BEC4EF04A50BA
:106BB800D8B4E1EF35F0E3EF35F0F8EF35F0B50E86
:106BC8000001B06FFE0EB16F66C1B2F067C1B3F0DD
:106BD8006BEC4EF0F10E0001B06FFD0EB16F96C177
:106BE800B2F0B36B6BEC4EF012000001BE5108E13D
:106BF800BD05D8A002EF36F004EF36F00EEF36F000
:106C0800010EC16F000EC26F000EC36F000EC46F7D
:106C180016EF36F0000EC16F000EC26F000EC36F84
:106C2800000EC46FBCC000F4BBC001F4000EC66FF8
:106C3800010EC56F000EC525D96E050EC621DA6E88
:106C4800010EC525E16E040EC621E26EDFCFE7FF17
:106C5800C54BC62BC6BF3AEF36F0C65109E1810EC7
:106C6800C55DD8A03AEF36F03CEF36F01EEF36F0AF
:106C7800500EC111736FC251746F000E756F040E00
:106C8800766F000E786F820E776F710EF66EF30EC8
:106C9800F76EF86A0900F5CFBFF00900F5CFC0F02C
:106CA80002D860EF36F00500FA6EBF51FD6EC05194
:106CB800FE6EFF6AFA5012000009D8B466EF36F08B
:106CC80068EF36F0DCEF36F00A0E0101936F90EFB3
:106CD80036F07F0EF66EF30EF76EF86A0900F5CF00
:106CE800BFF00900F5CFC0F002D885EF36F00500F7
:106CF800FA6E0001BF51FD6EC051FE6EFF6AFA5078
:106D08001200150E0001BF6FC60EE82EFED7BF2F6A
:106D1800FCD70000010193077B0EF66EF30EF76EA9
:106D2800F86A0900F5CFBFF00900F5CFC0F002D826
:106D3800A8EF36F00500FA6E0001BF51FD6EC05194
:106D4800FE6EFF6AFA5012000009D8A4AEEF36F0C2
:106D5800B0EF36F06DEF36F0790EF66EF30EF76E93
:106D6800F86A0900F5CFBFF00900F5CFC0F002D8E6
:106D7800C8EF36F00500FA6E0001BF51FD6EC05134
:106D8800FE6EFF6AFA5012000101976F9751D8B44E
:106D9800D0EF36F0D2EF36F0DCEF36F02E0E0001F1
:106DA800B06FFB0EB16F6BEC4EF0080E0101986FDF
:106DB800120038C174F039C175F03AC176F03BC1A0
:106DC80077F09DEC33F00001D96F9C0EB06FFF0E89
:106DD800B16FD9C0B2F0B36B6BEC4EF00001D95172
:106DE800D8B4F9EF36F0FBEF36F05EEF37F0010E6E
:106DF8000101856F4904D8B404EF37F006EF37F086
:106E08000FEF37F0040E4918D8A40DEF37F00FEF45
:106E180037F034EF37F00001D951020D000EF3249A
:106E2800D96E010EF420DA6E01016651DE5C6751FD
:106E3800DE58D8A022EF37F025EF37F0010E26EF05
:106E480037F0000E856F0001D951020D000EF324B2
:106E5800D96E010EF420DA6E66C1DEFF67C1DDFF70
:106E680001018551D8B43BEF37F03DEF37F057EFCC
:106E780037F0C80E0001B06FFF0EB16F6BEC4EF02B
:106E8800808A8290520E0001D86F2B0ED76F000EA9
:106E9800E82EFED7D72FFCD7D82FFAD70000809A34
:106EA80082805EEF37F0AF0E0001B06FFB0EB16F5E
:106EB8006BEC4EF01E0E0001B06FFA0EB16F6BEC6A
:106EC8004EF001018151D8B46CEF37F06EEF37F016
:106ED80089EF37F0816B5A0E0001B06FF70EB16F72
:106EE8006BEC4EF0500E0101406FC30E416F000E67
:106EF800426F000E436F000E446F000E456F000E88
:106F0800466F000E476FBFEF37F0405141114211F5
:106F180043114411451146114711D8B496EF37F083
:106F280098EF37F0BFEF37F021EE40F0070EDE6A3A
:106F3800E806FDE20001D951D8A4A5EF37F0A7EF84
:106F480037F0ABEF37F005EC29F0BFEF37F0828070
:106F5800EB0EB06FF90EB16F6BEC4EF0520E0001F4
:106F6800D86F2B0ED76F000EE82EFED7D72FFCD781
:106F7800D82FFAD700001200010E0001916F8EBFC2
:106F8800C8EF37F0CBEF37F0010ECCEF37F0000E3B
:106F9800946F58C192F059C193F09451D8B4D7EF77
:106FA80037F0D9EF37F0F0EF37F09207D8A0930712
:106FB8009451D8A4E2EF37F0E4EF37F0EAEF37F076
:106FC800000E906F2B0E8F6FEEEF37F0000E906F64
:106FD8002D0E8F6F8FC094F0000E966F1F0E956F59
:106FE8000101BD6B3CEF38F000019507D8A096076A
:106FF8009E0E9525D96E010E9621DA6E8BC072F021
:107008008CC073F08DC074F08EC075F00A0E766F68
:10701800000E776F000E786F000E796FCCEC41F0A0
:1070280072C07CF073C07DF048EC4DF000017C51DB
:10703800300FDF6E916B9207D8A093078BC072F068
:107048008CC073F08DC074F08EC075F00A0E766F28
:10705800000E776F000E786F000E796F5AEC3FF0D4
:1070680072C08BF073C08CF074C08DF075C08EF058
:10707800000196BF48EF38F0965108E19505D8A071
:1070880048EF38F04AEF38F072EF38F08B518C1136
:107098008D118E11D8A453EF38F055EF38F0F8EF72
:1070A80037F09151D8A45BEF38F05DEF38F0F8EF86
:1070B80037F093BF68EF38F0935108E19205D8A0F4
:1070C80068EF38F06AEF38F072EF38F0010180B3FA
:1070D80070EF38F072EF38F0F8EF37F000019451A4
:1070E800D8B479EF38F07BEF38F086EF38F09507B1
:1070F800D8A096079E0E9525D96E010E9621DA6EB8
:1071080094C0DFFF8AC082F09E0E9525836F010E22
:107118009621846F92C085F093C086F032EC48F0D7
:107128001200010E206E1DBE9CEF38F09FEF38F064
:10713800010EA0EF38F0000E236E58C121F059C19E
:1071480022F02350D8B4ABEF38F0ADEF38F0C4EFED
:1071580038F02106D8A022062350D8A4B6EF38F07C
:10716800B8EF38F0BEEF38F0000E1F6E2B0E1E6E13
:10717800C2EF38F0000E1F6E2D0E1E6E1EC023F0DB
:10718800000E256E1F0E246E0101BD6B0EEF39F047
:107198002406D8A025069E0E2424D96E010E25208B
:1071A800DA6E1AC001F01BC002F01CC003F01DC04B
:1071B80004F00A0E056E000E066E000E076E000E35
:1071C800086E42EC42F001C00BF002C00CF07DECFE
:1071D8004DF00B50300FDF6E206A2106D8A0220632
:1071E8001AC001F01BC002F01CC003F01DC004F05F
:1071F8000A0E056E000E066E000E076E000E086E73
:10720800E0EC3FF001C01AF002C01BF003C01CF014
:1072180004C01DF025BE19EF39F0255008E12404FB
:10722800D8A019EF39F01BEF39F043EF39F01A50B5
:107238001B101C101D10D8A424EF39F026EF39F0CC
:10724800CCEF38F02050D8A42CEF39F02EEF39F0DD
:10725800CCEF38F022BE39EF39F0225008E1210492
:10726800D8A039EF39F03BEF39F043EF39F001019D
:1072780080B341EF39F043EF39F0CCEF38F02350C9
:10728800D8B449EF39F04BEF39F056EF39F024060E
:10729800D8A025069E0E2424D96E010E2520DA6E6C
:1072A80023C0DFFF19C011F09E0E2424126E010EB8
:1072B8002520136E21C014F022C015F07FEC48F091
:1072C80012004A04D8A46BEF39F06DEF39F086EF5D
:1072D80039F0DEC0BBF0DFC0BCF0E0C0BDF0E1C0FB
:1072E800BEF0E2C0BFF0E3C0C0F0E4C0C1F0E5C04A
:1072F800C2F065EC40F0FD0E0001B06FFE0EB16FFC
:107308006BEC4EF0DEC0D3F0DFC0D4F0E0C0D5F0B7
:10731800E1C0D6F0E2C0D7F0E3C0D8F0E4C0D9F0BD
:10732800E5C0DAF0210EA3EF39F00001D890DA3386
:10733800D933D833D733D633D533D433D333E82EF0
:1073480099EF39F0FF0ED3150101386FFF0E0001D8
:10735800D4150101396FFF0E0001D51501013A6FEF
:107368000F0E0001D61501013B6F000E0001D71565
:1073780001013C6F000E0001D81501013D6F000EA0
:107388000001D91501013E6F000E0001DA15010157
:107398003F6FDEC0D3F0DFC0D4F0E0C0D5F0E1C06D
:1073A800D6F0E2C0D7F0E3C0D8F0E4C0D9F0E5C029
:1073B800DAF03D0EEAEF39F00001D890DA33D9332C
:1073C800D833D733D633D533D433D333E82EE0EF9D
:1073D80039F0D351DB6FDB05D8A4F5EF39F0F7EFBF
:1073E80039F0F9EF39F0040E486E020EDB19D8A413
:1073F80000EF3AF002EF3AF004EF3AF0010E486E6F
:10740800040EDB19D8A40BEF3AF00DEF3AF00FEFAA
:107418003AF0020E486E080EDB19D8A416EF3AF0BF
:1074280018EF3AF01AEF3AF0030E486E0D0EDB191A
:10743800D8A421EF3AF023EF3AF025EF3AF0090EFD
:10744800486E090E4818D8B42CEF3AF02FEF3AF0EE
:10745800010E30EF3AF0000E0101816F12000001B9
:10746800BE5108E1BD05D8A03CEF3AF03EEF3AF036
:1074780048EF3AF0010EC26F000EC36F000EC46FE2
:10748800000EC56F50EF3AF0000EC26F000EC36FCA
:10749800000EC46F000EC56FBCC000F4BBC001F481
:1074A800500EC211736FC351746F000E756F040EC6
:1074B800766F000E786F020E776F000E796F030EED
:1074C8007A6F000E7C6F010E7B6F750EF66EF30EF1
:1074D800F76EF86A0900F5CFBFF00900F5CFC0F0E4
:1074E80002D880EF3AF00500FA6EBF51FD6EC05128
:1074F800FE6EFF6AFA501200E80E0101936FA8EFC2
:107508003AF07F0EF66EF30EF76EF86A0900F5CFC3
:10751800BFF00900F5CFC0F002D89DEF3AF00500A2
:10752800FA6E0001BF51FD6EC051FE6EFF6AFA503F
:10753800120001019307150E0001BF6FC60EE82E59
:10754800FED7BF2FFCD700007B0EF66EF30EF76E4A
:10755800F86A0900F5CFBFF00900F5CFC0F002D8EE
:10756800C0EF3AF00500FA6E0001BF51FD6EC05140
:10757800FE6EFF6AFA5012000009D8A4C6EF3AF06E
:10758800C8EF3AF085EF3AF0790EF66EF30EF76E23
:10759800F86A0900F5CFBFF00900F5CFC0F002D8AE
:1075A800E0EF3AF00500FA6E0001BF51FD6EC051E0
:1075B800FE6EFF6AFA5012000001C16FC151C66F1A
:1075C800C76BC651C711D8B4ECEF3AF0EEEF3AF0FA
:1075D800F8EF3AF0210EB06FFA0EB16FC6C0B2F0F4
:1075E800C7C0B3F06BEC4EF012000001BE5108E1C9
:1075F800BD05D8A002EF3BF004EF3BF00EEF3BF0E7
:10760800010EC36F000EC46F000EC56F000EC66F6B
:1076180016EF3BF0000EC36F000EC46F000EC56F6F
:10762800000EC66FBCC000F4BBC001F4500EC311FD
:10763800736FC451746F000E756F040E766F000E71
:10764800786F020E776F000E796F030E7A6FBFC0E6
:107658007BF07C6B750EF66EF30EF76EF86A090018
:10766800F5CFC0F00900F5CFC1F002D845EF3BF0E7
:107678000500FA6EC051FD6EC151FE6EFF6AFA50E8
:107688001200E80E0101936F64EF3BF07F0EF66E77
:10769800F30EF76EF86A0900F5CFC0F00900F5CFD0
:1076A800C1F002D862EF3BF00500FA6E0001C0514C
:1076B800FD6EC151FE6EFF6AFA5012000101930778
:1076C8007B0EF66EF30EF76EF86A0900F5CFC0F080
:1076D8000900F5CFC1F002D87CEF3BF00500FA6E47
:1076E8000001C051FD6EC151FE6EFF6AFA501200D2
:1076F8000009D8A482EF3BF084EF3BF04AEF3BF05F
:10770800790EF66EF30EF76EF86A0900F5CFC0F041
:107718000900F5CFC1F002D89CEF3BF00500FA6EE6
:107728000001C051FD6EC151FE6EFF6AFA50120091
:107738000001C26FC251C76FC86BC751C811D8B416
:10774800A8EF3BF0AAEF3BF0B4EF3BF0210EB06F8F
:10775800FA0EB16FC7C0B2F0C8C0B3F06BEC4EF010
:107768001200010E0101C86FC851020D000EF3246A
:10777800D96E010EF420DA6EDECFC9F1DDCFCAF181
:10778800C9C1DBF0CAC1DCF0D8900001DB37DC37B7
:10779800DBC0BBF0DCC0BCF0BD6BBE6B800EBF6F46
:1077A800F9EC3AF00101CC6B000ECC25D96EDA6AFF
:1077B800030EDA22DF500001DB6FDB510101C66FD7
:1077C800C76B010ECC25D96EDA6A030EDA22DF50B8
:1077D8000001DB6FDB51DD6FDC6B0101C65100017D
:1077E800DC250101C66FC7510001DD210101C76F0A
:1077F800C6510001D9190CE10101C7510001DA197C
:10780800D8B409EF3CF00CEF3CF0010E0DEF3CF062
:10781800000E0101CB6FCB51D8A415EF3CF017EF48
:107828003CF01AEF3CF0CC51020FCC6FCB51D8A4EE
:1078380020EF3CF022EF3CF02AEF3CF07F0ECC65C5
:1078480028EF3CF02AEF3CF0D8EF3BF0C82BCB51A7
:10785800D8A431EF3CF033EF3CF03BEF3CF0090E9D
:10786800C86539EF3CF03BEF3CF0B8EF3BF0CB514B
:10787800D8A441EF3CF043EF3CF04FEF3CF0D9C0C7
:10788800C9F0DAC0CAF044EC3EF0C9C0C9F1CAC0B8
:10789800CAF164EF3CF0CCC172F00001736B000ECA
:1078A800756F020E746FC1EC44F00101C9510001FB
:1078B80072250101C96FCA51000173210101CA6F04
:1078C800C9C1D9F0CAC1DAF01200010E0001976FE0
:1078D80058C198F059C199F0780E8F19D8B477EF3C
:1078E8003CF079EF3CF07FEF3CF0000E966F410ED4
:1078F800956F83EF3CF0000E966F610E956F95C003
:1079080094F0000E9C6F1F0E9B6F0101BD6BCAEFB8
:107918003CF000019B07D8A09C078B510F0B9A6F76
:107928000A0E9A619AEF3CF09CEF3CF0A0EF3CF015
:10793800300E9A27A3EF3CF09451F60F9A279E0E2B
:107948009B25D96E010E9C21DA6E9AC0DFFF976BDA
:107958009807D8A099078BC090F08CC091F08DC083
:1079680092F08EC093F0050EBFEF3CF0D8909333A1
:10797800923391339033E82EBAEF3CF090C08BF0FD
:1079880091C08CF092C08DF093C08EF000019CBF26
:10799800D7EF3CF09C5109E1020E9B5DD8A0D7EFD0
:1079A8003CF0D9EF3CF001EF3DF08B518C118D117B
:1079B8008E11D8A4E2EF3CF0E4EF3CF08DEF3CF000
:1079C8009751D8A4EAEF3CF0ECEF3CF08DEF3CF097
:1079D80099BFF7EF3CF0995108E19805D8A0F7EF67
:1079E8003CF0F9EF3CF001EF3DF0010180B3FFEF0F
:1079F8003CF001EF3DF08DEF3CF08AC082F09E0E26
:107A080000019B25836F010E9C21846F98C085F02F
:107A180099C086F032EC48F01200010E266E58C16B
:107A280027F059C128F0780E1E18D8B41EEF3DF083
:107A380020EF3DF026EF3DF0000E246E410E236E40
:107A48002AEF3DF0000E246E610E236E23C025F050
:107A5800000E2B6E1F0E2A6E0101BD6B70EF3DF0FC
:107A68002A06D8A02B061A500F0B296E0A0E296079
:107A780040EF3DF042EF3DF046EF3DF0300E292655
:107A880049EF3DF02550F60F29269E0E2A24D96E7F
:107A9800010E2B20DA6E29C0DFFF266A2706D8A040
:107AA80028061AC01FF01BC020F01CC021F01DC002
:107AB80022F0050E65EF3DF0D890223221322032B7
:107AC8001F32E82E60EF3DF01FC01AF020C01BF0F7
:107AD80021C01CF022C01DF02BBE7CEF3DF02B50C6
:107AE80009E1020E2A5CD8A07CEF3DF07EEF3DF064
:107AF800A6EF3DF01A501B101C101D10D8A487EFDC
:107B08003DF089EF3DF034EF3DF02650D8A48FEFDB
:107B18003DF091EF3DF034EF3DF028BE9CEF3DF095
:107B2800285008E12704D8A09CEF3DF09EEF3DF0D7
:107B3800A6EF3DF0010180B3A4EF3DF0A6EF3DF0C4
:107B480034EF3DF019C011F09E0E2A24126E010E7A
:107B58002B20136E27C014F028C015F07FEC48F0D6
:107B68001200010E00018F6F58C190F059C191F0B9
:107B7800000E936F1F0E926F0101BD6B02EF3EF076
:107B880000019207D8A093079E0E9225D96E010E88
:107B98009321DA6E8BC072F08CC073F08DC074F0D4
:107BA8008EC075F00A0E766F000E776F000E786F34
:107BB800000E796FA2EC49F000017251300FDF6EB0
:107BC8008F6B9007D8A091078BC072F08CC073F0B0
:107BD8008DC074F08EC075F00A0E766F000E776F48
:107BE800000E786F000E796F8DEC47F072C08BF045
:107BF80073C08CF074C08DF075C08EF00001925186
:107C08009311D8B40AEF3EF00CEF3EF034EF3EF09B
:107C18008B518C118D118E11D8A415EF3EF017EFF2
:107C28003EF0C4EF3DF08F51D8A41DEF3EF01FEF9A
:107C38003EF0C4EF3DF091BF2AEF3EF0915108E1CC
:107C48009005D8A02AEF3EF02CEF3EF034EF3EF03E
:107C5800010180B332EF3EF034EF3EF0C4EF3DF067
:107C68008AC082F09E0E00019225836F010E932137
:107C7800846F90C085F091C086F032EC48F0120015
:107C8800000E0001D46F000ED56F000ED66F000EE7
:107C9800D76FD4C0BBF0D5C0BCF0D6C0BDF0D7C03C
:107CA800BEF0800EBF6FF9EC3AF0800E0001D425CB
:107CB800D46F000ED521D56F000ED621D66F000ED9
:107CC800D721D76FD86B000ED825D96EDA6A030E84
:107CD800DA22DF50CB6F010ED825D96EDA6A030E8F
:107CE800DA22DF50CD6FCB51CC6FC951CC190AE1E4
:107CF800CA51CD19D8B483EF3EF086EF3EF0010E9D
:107D080087EF3EF0000ED36FD851020FD86FD351D2
:107D1800D8A491EF3EF093EF3EF09BEF3EF07F0E3C
:107D2800D86599EF3EF09BEF3EF067EF3EF0D351F8
:107D3800D8A4A1EF3EF0A3EF3EF0AEEF3EF0D7514E
:107D480009E1020ED65DD8A0ACEF3EF0AEEF3EF0F2
:107D58004DEF3EF0D851D425CB6F000ED521CC6F16
:107D6800000ED621CD6F000ED721CE6F7E0ECB250B
:107D7800CF6FFF0ECC21D06FFF0ECD21D16FFF0E3C
:107D8800CE21D26FD890D233D133D033CF33CFC0B6
:107D9800C9F0D0C0CAF01200010E1E6E58C11FF003
:107DA80059C120F0000E226E1F0E216E0101BD6B1D
:107DB8001AEF3FF02106D8A022069E0E2124D96E84
:107DC800010E2220DA6E1AC001F01BC002F01CC09E
:107DD80003F01DC004F00A0E056E000E066E000EBC
:107DE800076E000E086EE7EC49F00150300FDF6EA9
:107DF8001E6A1F06D8A020061AC001F01BC002F098
:107E08001CC003F01DC004F00A0E056E000E066EBD
:107E1800000E076E000E086EE0EC47F001C01AF085
:107E280002C01BF003C01CF004C01DF0215022103A
:107E3800D8B421EF3FF023EF3FF04BEF3FF01A505B
:107E48001B101C101D10D8A42CEF3FF02EEF3FF094
:107E5800DEEF3EF01E50D8A434EF3FF036EF3FF08F
:107E6800DEEF3EF020BE41EF3FF0205008E11F0456
:107E7800D8A041EF3FF043EF3FF04BEF3FF0010157
:107E880080B349EF3FF04BEF3FF0DEEF3EF019C013
:107E980011F09E0E2124126E010E2220136E1FC0B7
:107EA80014F020C015F07FEC48F0120000017B6B45
:107EB80079BF63EF3FF061EF3FF06DEF3FF0791F5F
:107EC800781F771F766D000E772378237923010EAC
:107ED8007B6F75BF74EF3FF072EF3FF07EEF3FF0BE
:107EE800751F741F731F726D000E7323742375231F
:107EF800010E7B1B000E7C6F000E7D6F000E7E6FE7
:107F0800000E7F6F7651771178117911D8B48FEF01
:107F18003FF091EF3FF0C7EF3FF0010E7A6F9BEF14
:107F28003FF0D89076377737783779377A2B79AF2B
:107F3800A0EF3FF0A2EF3FF095EF3FF0D8907C37ED
:107F48007D377E377F377651725D77517359785117
:107F5800745979517559D8A0B4EF3FF0B6EF3FF096
:107F6800BFEF3FF07651725F7751735B7851745B66
:107F78007951755B7C81D890793378337733763350
:107F88007A2FA2EF3FF07B51D8B4CDEF3FF0CFEF7F
:107F98003FF0D7EF3FF07F1F7E1F7D1F7C6D000EE7
:107FA8007D237E237F237CC072F07DC073F07EC06A
:107FB80074F07FC075F012000A6A08BEE8EF3FF05F
:107FC800E6EF3FF0F2EF3FF0081E071E061E056CB5
:107FD800000E062207220822010E0A6E04BEF9EFDF
:107FE8003FF0F7EF3FF003EF40F0041E031E021EC0
:107FF800016C000E022203220422010E0A1A000E4E
:108008000B6E000E0C6E000E0D6E000E0E6E0550FF
:10801800061007100810D8B414EF40F016EF40F01F
:108028004CEF40F0010E096E20EF40F0D890053675
:10803800063607360836092A08AE25EF40F027EF3E
:1080480040F01AEF40F0D8900B360C360D360E364D
:108058000550015C06500258075003580850045850
:10806800D8A039EF40F03BEF40F044EF40F0055026
:10807800015E0650025A0750035A0850045A0B80F2
:10808800D8900832073206320532092E27EF40F021
:108098000A50D8B452EF40F054EF40F05CEF40F093
:1080A8000E1E0D1E0C1E0B6C000E0C220D220E2235
:1080B8000BC001F00CC002F00DC003F00EC004F0BC
:1080C8001200BBC0C3F0BCC0C4F0BDC0C5F0BEC088
:1080D800C6F0BFC0C7F0C0C0C8F0C1C0C9F0C2C0B8
:1080E800CAF0210E82EF40F00001D890CA33C9339C
:1080F800C833C733C633C533C433C333E82E78EF28
:1081080040F0C3C0CBF0C4C0CCF0C5C0CDF0C6C0F1
:10811800CEF0C7C0CFF0C8C0D0F0C9C0D1F0CAC037
:10812800D2F0770EB06FFF0EB16FCBC0B2F0CCC0FB
:10813800B3F0CDC0B4F0CEC0B5F0CFC0B6F0D0C06B
:10814800B7F0D1C0B8F0D2C0B9F06BEC4EF020EE69
:10815800BBF0FF0EDE140001CB6FFF0EDE14CC6FF8
:10816800FF0EDE14CD6FFF0EDE14CE6F000EDE1490
:10817800CF6F000EDE14D06F000EDE14D16F000E2C
:10818800DE14D26F770EB06FFF0EB16FCBC0B2F0B6
:10819800CCC0B3F0CDC0B4F0CEC0B5F0CFC0B6F00F
:1081A800D0C0B7F0D1C0B8F0D2C0B9F06BEC4EF087
:1081B80012005A0E0001B06FFB0EB16F6BEC4EF05F
:1081C800000E0001B06FFB0EB16F6BEC4EF0770E36
:1081D8000001B06FF90EB16F6BEC4EF0070E0001A5
:1081E800B06FFA0EB16F6BEC4EF0B10E0001B06FCC
:1081F800F90EB16F6BEC4EF0FF0E0001B06FF40E8C
:10820800B16F6BEC4EF0570E0001B06FF50EB16F09
:108218006BEC4EF0910E0001B06FF70EB16F6BEC86
:108228004EF0B40E0001B06FF80EB16F6BEC4EF06B
:108238003A0E0001B06FF90EB16F6BEC4EF0E70E1D
:108248000001B06FF60EB16F6BEC4EF0940E0001AA
:10825800B06FF90EB16F6BEC4EF0F80E0001B06F15
:10826800F80EB16F6BEC4EF0EC0E0001B06FF50E2E
:10827800B16F6BEC4EF0420E0001B06FF80EB16FAB
:108288006BEC4EF01E0E0001B06FFA0EB16F6BEC86
:108298004EF0590E0001B06FF90EB16F6BEC4EF055
:1082A80012002F0EF66EF30EF76EF86A0900F5CF7E
:1082B800D6F00900F5CFD7F002D86DEF41F00500F0
:1082C800FA6E0001D651FD6ED751FE6EFF6AFA5064
:1082D80012000009D8B473EF41F075EF41F0CBEF0D
:1082E80041F02B0EF66EF30EF76EF86A0900F5CF23
:1082F800D6F00900F5CFD7F002D88DEF41F0050090
:10830800FA6E0001D651FD6ED751FE6EFF6AFA5023
:10831800120001018E6F0A0E8E19D8B496EF41F043
:1083280098EF41F0B3EF41F00D0E8E19D8B49FEFDE
:1083380041F0A1EF41F0B3EF41F0BE0E8F25D96EA9
:10834800DA6A010EDA228EC1DFFF8F2B080E8F65E5
:10835800B0EF41F0B2EF41F0B3EF41F08F6B0D0E8B
:108368008E19D8A4BAEF41F0BCEF41F0CBEF41F041
:10837800BE0E8F25D96EDA6A010EDA22DF6A8F6B9C
:10838800BE0E0001D46F010ED56F05EC10F012007F
:1083980000017B6B75BFD5EF41F0D3EF41F0DFEF04
:1083A80041F0751F741F731F726D000E73237423C1
:1083B8007523010E7B6F79BFE6EF41F0E4EF41F0E2
:1083C800EEEF41F0791F781F771F766D000E772347
:1083D800782379237651771178117911D8B4F7EF8A
:1083E80041F0F9EF41F029EF42F0010E7A6F03EF07
:1083F80042F0D89076377737783779377A2B79AF54
:1084080008EF42F00AEF42F0FDEF41F07651725D5D
:10841800775173597851745979517559D8A017EF14
:1084280042F019EF42F021EF42F07651725F775136
:10843800735B7851745B7951755BD8907933783375
:10844800773376337A2F0AEF42F07B51D8B42FEF87
:1084580042F031EF42F039EF42F0751F741F731F7D
:10846800726D000E73237423752372C072F073C08B
:1084780073F074C074F075C075F012000A6A04BE17
:108488004AEF42F048EF42F054EF42F0041E031E58
:10849800021E016C000E022203220422010E0A6E43
:1084A80008BE5BEF42F059EF42F063EF42F0081E5E
:1084B800071E061E056C000E06220722082205501C
:1084C800061007100810D8B46CEF42F06EEF42F0B7
:1084D8009EEF42F0010E096E78EF42F0D890053613
:1084E800063607360836092A08AE7DEF42F07FEFD8
:1084F80042F072EF42F00550015C065002580750F6
:10850800035808500458D8A08CEF42F08EEF42F080
:1085180096EF42F00550015E0650025A0750035A82
:108528000850045AD8900832073206320532092E0C
:108538007FEF42F00A50D8B4A4EF42F0A6EF42F021
:10854800AEEF42F0041E031E021E016C000E022252
:108558000322042201C001F002C002F003C003F0AC
:1085680004C004F01200000E00017D6F000E7C6F45
:1085780010EF43F0310EF66EF30EF76EF86A09004D
:10858800F5CF78F00900F5CF79F002D8D6EF42F0B0
:108598000500FA6E00017851FD6E7951FE6EFF6A92
:1085A800FA5012000009D8B4DCEF42F0DEEF42F0D6
:1085B800BEEF42F02D0EF66EF30EF76EF86A090064
:1085C800F5CF78F00900F5CF79F002D80DEF43F038
:1085D8000500FA6E00017851FD6E7951FE6EFF6A52
:1085E800FA507C5176257A6F7D5177217B6F7AC05E
:1085F800F6FF7BC0F7FF000EF86E0F0EF76403D08E
:108608000800F55005D0F6CFE9FFF7CFEAFFEF50A5
:10861800120000017C4B7D2B76C072F077C073F09E
:10862800BAEC4BF0000172517C5D7D51800A786F85
:108638007351800A7859D8A024EF43F026EF43F00D
:10864800BEEF42F0120000017A517B117C117D11BE
:108658007E117F1180118111D8B435EF43F037EFC7
:1086680043F07FEF43F0010E826F45EF43F0D8905F
:108678007A377B377C377D377E377F37803781374E
:10868800822B81AF4AEF43F04CEF43F03BEF43F0CE
:108698007A51725D7B5173597C5174597D5175596A
:1086A8007E5176597F51775980517859815179593E
:1086B800D8A061EF43F063EF43F073EF43F07A51D2
:1086C800725F7B51735B7C51745B7D51755B7E512E
:1086D800765B7F51775B8051785B8151795BD8906D
:1086E800813380337F337E337D337C337B337A33FE
:1086F800822F4CEF43F072C072F073C073F074C0F5
:1087080074F075C075F076C076F077C077F078C0F1
:1087180078F079C079F01200400E00017B6F0D0EE1
:108728007C6F030E7D6F000E7E6F2BEC4AF0D1EF4D
:1087380043F0A00E00D0E82EFDD700017B07000E05
:108748007C5B7D5B7E5B7BC072F07CC073F07DC020
:1087580074F07EC075F0D00E766F070E776F000E3E
:10876800786F000E796FA2EC49F000017251731115
:1087780074117511D8A4C3EF43F0C5EF43F0D1EFDE
:1087880043F082A0CAEF43F0CDEF43F08280CEEFF2
:1087980043F08290430EACEC4AF09EBAD6EF43F019
:1087A800D8EF43F0E4EF43F000017B517C117D11D9
:1087B8007E11D8A4E2EF43F0E4EF43F09DEF43F0DD
:1087C800828000017B517C117D117E11D8B4EFEFBE
:1087D80043F0F2EF43F0010EF3EF43F0000E010116
:1087E800996F2BEC4AF01200B4EC4FF0C7A8FFEFDA
:1087F80043F001EF44F005EF44F0E0EC4DF03BEFBF
:1088080044F0B2EC4EF00009D8B40DEF44F00FEF8D
:1088180044F020EF44F09EEC4EF00009D8B417EF76
:1088280044F019EF44F020EF44F0050E0101376FD2
:10883800010E366F3BEF44F0A8EC4EF00009D8B4B7
:1088480028EF44F02AEF44F03BEF44F09EEC4EF062
:108858000009D8B432EF44F034EF44F03BEF44F071
:10886800050E0101376F020E366F3BEF44F0010130
:108878003751020D810EF324F66EF30EF420F76ED5
:10888800F86A000EF8220900F5CF74F00900F5CF58
:1088980075F002D85AEF44F00500FA6E00017451E1
:1088A800FD6E7551FE6EFF6AFA5012000101376FB6
:1088B8001200000E0001776F000E766F3A0E01016C
:1088C8006D6F980E6C6F8CEF44F001016C07D8A0A7
:1088D8006D076C516D11D8B474EF44F077EF44F024
:1088E800010E78EF44F0000E996F9951D8B47FEFDC
:1088F80044F081EF44F08CEF44F0150EACEC4AF0F4
:108908000001764B772B3A0E01016D6F980E6C6F54
:108918009EBA91EF44F093EF44F0ABEF44F06C5102
:108928006D11D8B49AEF44F09CEF44F0ABEF44F0EB
:10893800000177BFA9EF44F0775109E1030E765D96
:10894800D8A0A9EF44F0ABEF44F069EF44F0000180
:1089580077BFBBEF44F0775107E1030E765DD8B0DF
:10896800B8EF44F0BBEF44F0010EBCEF44F0000E4A
:108978000101996F2BEC4AF012000001776B75BF6B
:10898800CAEF44F0C8EF44F0D0EF44F0746D751F9F
:10899800D8B0752B010E776F73BFD7EF44F0D5EFC2
:1089A80044F0DDEF44F0726D731FD8B0732B010EE5
:1089B800771B000E796F000E786F74517511D8B45B
:1089C800E8EF44F0EAEF44F012EF45F0010E766F5D
:1089D800F2EF44F0D89074377537762B75AFF7EF10
:1089E80044F0F9EF44F0EEEF44F0D8907837793757
:1089F8007451725D75517359D8A005EF45F007EFB2
:108A080045F00CEF45F07451725F7551735B7881D6
:108A1800D89075337433762FF9EF44F07751D8B482
:108A280018EF45F01AEF45F01EEF45F0786D791F05
:108A3800D8B0792B78C072F079C073F012000001B9
:108A48007651D8B42AEF45F02CEF45F034EF45F0D5
:108A58007651D8A432EF45F034EF45F039EF45F0C0
:108A680074511DEC4EF080EF45F07651D96EDA6AFC
:108A7800090ED926DE50DE10D8B445EF45F047EF91
:108A880045F060EF45F07651D96EDA6A090ED926BD
:108A98007651E16EE26A020EE126DE50E65CE650AF
:108AA800800A7B6FDE50800A7B59D8B05EEF45F0B4
:108AB80060EF45F080EF45F07651D96EDA6A020E24
:108AC800D926DECF77F0DDCF78F07651D96EDA6A25
:108AD800DECF79F0DDCF7AF077517925D96E7851EC
:108AE8007A21DA6E74C0DFFF7651D96EDA6A020E27
:108AF800D926DE2A000EDD2212000550D8B487EFF1
:108B080045F089EF45F091EF45F00550D8A48FEF77
:108B180045F091EF45F096EF45F003505CEC4EF0D0
:108B2800DDEF45F00550D96EDA6A090ED926DE5018
:108B3800DE10D8B4A2EF45F0A4EF45F0BDEF45F044
:108B48000550D96EDA6A090ED9260550E16EE26A37
:108B5800020EE126DE50E65CE650800A0A6EDE5020
:108B6800800A0A58D8B0BBEF45F0BDEF45F0DDEFFD
:108B780045F00550D96EDA6A020ED926DECF06F026
:108B8800DDCF07F00550D96EDA6ADECF08F0DDCF09
:108B980009F006500824D96E07500920DA6E03C080
:108BA800DFFF0550D96EDA6A020ED926DE2A000EDA
:108BB800DD221200000E0001786F000E776F7251EF
:108BC800D96EDA6ADECFF6FFDDCFF7FFF86A080064
:108BD800F5502A0AD8A4F3EF45F0F5EF45F01EEF5B
:108BE80046F07251D96EDA6ADE2A000EDD22735120
:108BF800D96EDA6A020EDF26DF5CD96EDA6ADECF5A
:108C080077F0DECF78F032EF46F00A0E7703F3CF35
:108C180074F0F4CF75F07803F35075277651742506
:108C2800776F000E7521786F7251D96EDA6ADE2A75
:108C3800000EDD227251D96EDA6ADECFF6FFDDCF83
:108C4800F7FFF86A0800F550D00F766F090E7665C1
:108C580030EF46F032EF46F009EF46F077C072F099
:108C680078C073F012000001776B73BF40EF46F0D5
:108C78003EEF46F046EF46F0726D731FD8B0732B87
:108C8800010E776F75BF4DEF46F04BEF46F051EF91
:108C980046F0746D751FD8B0752B74517511D8B422
:108CA80058EF46F05AEF46F07EEF46F0010E766F29
:108CB80062EF46F0D89074377537762B75AF67EF4B
:108CC80046F069EF46F05EEF46F07451725D7551FB
:108CD8007359D8A072EF46F074EF46F078EF46F07B
:108CE8007451725F7551735BD89075337433762FF6
:108CF80069EF46F07751D8B484EF46F086EF46F036
:108D08008AEF46F0726D731FD8B0732B72C072F081
:108D180073C073F01200000E076E000E066E01504D
:108D2800D96EDA6ADECFF6FFDDCFF7FFF86A080002
:108D3800F5502A0AD8A4A3EF46F0A5EF46F0CEEFE7
:108D480046F00150D96EDA6ADE2A000EDD220250A2
:108D5800D96EDA6A020EDF26DF5CD96EDA6ADECFF8
:108D680006F0DECF07F0E2EF46F00A0E0602F3CF78
:108D780003F0F4CF04F00702F3500426055003244F
:108D8800066E000E0420076E0150D96EDA6ADE2ADC
:108D9800000EDD220150D96EDA6ADECFF6FFDDCF94
:108DA800F7FFF86A0800F550D00F056E090E056444
:108DB800E0EF46F0E2EF46F0B9EF46F006C001F00A
:108DC80007C002F01200DEC0C7F0DFC0C8F0E0C084
:108DD800C9F0E1C0CAF0E2C0CBF0E3C0CCF0E4C017
:108DE800CDF0E5C0CEF0150E04EF47F00001D890A5
:108DF800CE33CD33CC33CB33CA33C933C833C7337F
:108E0800E82EFAEF46F0C7C0DEF0C8C0DFF0C9C0F0
:108E1800E0F0CAC0E1F0CBC0E2F0CCC0E3F0CDC0D6
:108E2800E4F0CEC0E5F0DEC0BBF0DFC0BCF0E0C0CF
:108E3800BDF0E1C0BEF0E2C0BFF0E3C0C0F0E4C0E6
:108E4800C1F0E5C0C2F0C8EC4DF0DEC038F1DFC0BB
:108E580039F1E0C03AF1E1C03BF1E2C03CF1E3C0D6
:108E68003DF1E4C03EF1E5C03FF11200DEC0C7F0BD
:108E7800DFC0C8F0E0C0C9F0E1C0CAF0E2C0CBF082
:108E8800E3C0CCF0E4C0CDF0E5C0CEF0290E57EF3A
:108E980047F00001D890CE33CD33CC33CB33CA332F
:108EA800C933C833C733E82E4DEF47F0C7C0DEF0EB
:108EB800C8C0DFF0C9C0E0F0CAC0E1F0CBC0E2F042
:108EC800CCC0E3F0CDC0E4F0CEC0E5F0DEC0BBF02E
:108ED800DFC0BCF0E0C0BDF0E1C0BEF0E2C0BFF052
:108EE800E3C0C0F0E4C0C1F0E5C0C2F0C8EC4DF08A
:108EF800DEC038F1DFC039F1E0C03AF1E1C03BF142
:108F0800E2C03CF1E3C03DF1E4C03EF1E5C03FF111
:108F18001200000E00017A6F000E7B6F000E7C6F4E
:108F2800000E7D6F7651771178117911D8B49FEFC3
:108F380047F0A1EF47F0D7EF47F0010E7E6FABEF98
:108F480047F0D89076377737783779377E2B79AFEF
:108F5800B0EF47F0B2EF47F0A5EF47F0D8907A3777
:108F68007B377C377D377651725D775173597851ED
:108F7800745979517559D8A0C4EF47F0C6EF47F036
:108F8800CFEF47F07651725F7751735B7851745B1E
:108F98007951755B7A81D890793378337733763322
:108FA8007E2FB2EF47F07AC072F07BC073F07CC0BE
:108FB80074F07DC075F01200000E096E000E0A6E86
:108FC800000E0B6E000E0C6E0550061007100810F0
:108FD800D8B4F1EF47F0F3EF47F029EF48F0010E6E
:108FE8000D6EFDEF47F0D890053606360736083681
:108FF8000D2A08AE02EF48F004EF48F0F7EF47F00B
:10900800D89009360A360B360C360550015C0650E6
:1090180002580750035808500458D8A016EF48F0D3
:1090280018EF48F021EF48F00550015E0650025A4B
:109038000750035A0850045A0980D890083207325A
:10904800063205320D2E04EF48F009C001F00AC0BF
:1090580002F00BC003F00CC004F01200010180A163
:1090680038EF48F03AEF48F042EF48F083C07CF020
:1090780084C07DF082C07EF0A8EC4CF0000186BF71
:109088004AEF48F048EF48F04EEF48F0000E866F80
:10909800000E856F000E896F000E886F5FEF48F035
:1090A800000E756F200E746F82C076F023EC45F0C9
:1090B8000001884B892B8551885D8951800A876F0B
:1090C8008651800A8759D8A06CEF48F06EEF48F0B7
:1090D80054EF48F0010180B174EF48F076EF48F0A2
:1090E8007EEF48F083C07CF084C07DF082C07EF0C3
:1090F800A8EC4CF01200010180A185EF48F087EF41
:1091080048F08FEF48F012C00BF013C00CF011C0FC
:109118000DF0ECEC4CF015BE96EF48F094EF48F0EB
:109128009AEF48F0000E156E000E146E000E186EC1
:10913800000E176EAAEF48F0000E046E200E036EA4
:1091480011C005F081EC45F0174A182A1450175C35
:109158001850800A166E1550800A1658D8A0B7EF16
:1091680048F0B9EF48F0A0EF48F0010180B1BFEF37
:1091780048F0C1EF48F0C9EF48F012C00BF013C037
:109188000CF011C00DF0ECEC4CF01200010E0001D7
:10919800786F000E7A6F000E796F05EF49F0000EB8
:1091A8007825D96EDA6A050EDA22DF50746F7451A9
:1091B800766F756B79517519796F7A5176197A6F5F
:1091C800782B080E776F7AAFECEF48F0EEEF48F0A7
:1091D800FDEF48F079C074F07AC075F0D890743714
:1091E8007537210E7419796F100E75197A6F02EFA1
:1091F80049F0D8907935796F7A357A6F772FE7EF1C
:1092080048F07207D8A0730773BF0FEF49F00DEF4E
:1092180049F0D3EF48F079C072F07AC073F01200C9
:10922800780EF66E9E0EF76E000EF86E01EEEBF0FD
:1092380010EE10F00900F5CFEEFFE550E150FAE12D
:1092480005EE82F013EE20F0EE6AE550E150FCE105
:10925800E250FAE105EE00F0820EEE6AE806FDE162
:1092680004EE00F0820EEE6AE806FDE103EE00F07F
:10927800820EEE6AE806FDE102EE00F0FA0EEE6AF2
:10928800E806FDE101EE00F0C60EEE6AE806FDE133
:1092980000EEDEF0100EEE6AE806FDE100EE46F0A4
:1092A800090EEE6AE806FDE14F904F92000159EF72
:1092B8001CF0DEC0BBF0DFC0BCF0E0C0BDF0E1C018
:1092C800BEF0E2C0BFF0E3C0C0F0E4C0C1F0E5C04A
:1092D800C2F065EC40F0080E0001B06FFF0EB16FF0
:1092E8006BEC4EF0DEC072F0DFC073F0E0C074F0DB
:1092F800E1C075F0E2C076F0E3C077F0E4C078F042
:10930800E5C079F06CEC23F072C0BBF073C0BCF020
:1093180074C0BDF075C0BEF076C0BFF077C0C0F0B5
:1093280078C0C1F079C0C2F065EC40F01E0E0001B3
:10933800B06FFA0EB16F6BEC4EF01200000176516F
:10934800771178117911D8B4ACEF49F0AEEF49F044
:10935800DEEF49F0010E7A6FB8EF49F0D890763712
:109368007737783779377A2B79AFBDEF49F0BFEF88
:1093780049F0B2EF49F07651725D775173597851DF
:10938800745979517559D8A0CCEF49F0CEEF49F00E
:10939800D6EF49F07651725F7751735B7851745B01
:1093A8007951755BD89079337833773376337A2F60
:1093B800BFEF49F072C072F073C073F074C074F0FC
:1093C80075C075F012000550061007100810D8B4C3
:1093D800F0EF49F0F2EF49F022EF4AF0010E096E82
:1093E800FCEF49F0D8900536063607360836092AC4
:1093F80008AE01EF4AF003EF4AF0F6EF49F00550E6
:10940800015C065002580750035808500458D8A069
:1094180010EF4AF012EF4AF01AEF4AF00550015ED9
:109428000650025A0750035A0850045AD890083276
:10943800073206320532092E03EF4AF001C001F067
:1094480002C002F003C003F004C004F01200000ED2
:109458000101736F000E726FABA235EF4AF037EF60
:109468004AF04DEF4AF072856E516F11D8B43FEF54
:109478004AF041EF4AF04DEF4AF002D84DEF4AF07A
:109488000500FA6E6E51FD6E6F51FE6EFF6AFA505E
:109498001200ABA452EF4AF054EF4AF06BEF4AF0D7
:1094A8000101728370517111D8B45DEF4AF05FEF1A
:1094B8004AF06BEF4AF002D86BEF4AF00500FA6EFB
:1094C8007051FD6E7151FE6EFF6AFA501200AE5077
:1094D8001200040E0001726FBCEC4EF00009D8B403
:1094E80078EF4AF07AEF4AF0A7EF4AF001013351DA
:1094F8003411D8B482EF4AF084EF4AF091EF4AF081
:10950800B0EC4FF031C1D9FF32C1DAFFDF6E010193
:10951800314B322B3307D8A0340733513411D8B428
:1095280098EF4AF09AEF4AF09EEF4AF09FEC4FF01E
:10953800A9EF4AF0ACEC4FF09CEC4FF0070E00019D
:10954800726FA9EF4AF0AEEC4FF0000172511200B1
:109558000001756F310EF66EF30EF76EF86A0900AA
:10956800F5CF73F00900F5CF74F002D8C6EF4AF0D2
:109578000500FA6E00017351FD6E7451FE6EFF6AAC
:10958800FA5012000009D8B4CCEF4AF0CEEF4AF0F6
:10959800AEEF4AF02D0EF66EF30EF76EF86A09007C
:1095A800F5CF73F00900F5CF74F002D8E7EF4AF071
:1095B8000500FA6E00017351FD6E7451FE6EFF6A6C
:1095C800FA50755112001200EEEF4AF0724B732BED
:1095D800744B752B72C0D9FF73C0DAFFDF500001DE
:1095E800766F74C0F6FF75C0F7FFF86A0800F5508B
:1095F8007619D8A402EF4BF004EF4BF010EF4BF0C4
:1096080072C0D9FF73C0DAFFDF50D8A40EEF4BF059
:1096180010EF4BF0EAEF4AF072C0D9FF73C0DAFFDF
:10962800DF50766F74C0F6FF75C0F7FFF86A080060
:10963800F550765D726F736BD8A073071200010E38
:109648000001E66F000EE76F000EE86F000EE96F8D
:10965800E951E811E71109E1810EE65DD8A037EF7D
:109668004BF039EF4BF03BEF4BF05AEF4BF0E65134
:109678007625786FE7517721796FFF0E7825726F1D
:10968800FF0E7921736F000EE625D96E050EE721CE
:10969800DA6EDF50746FE4EC4BF0010E0001E62740
:1096A800000EE723E823E9232CEF4BF01200010119
:1096B8002F513011D8B463EF4BF065EF4BF077EFD3
:1096C8004BF02F07D8A030072DC1D9FF2EC1DAFFE4
:1096D800DF507DEC4FF001012D4B2E2B030E0001C6
:1096E800736F8BEF4BF03551D8B47DEF4BF07FEFB4
:1096F8004BF087EF4BF0356BAAEC4FF0010E0001F1
:10970800736F8BEF4BF065EC4FF00001736F735183
:1097180012000001796BB0EC4DF00009D8A497EF66
:109728004BF099EF4BF0B7EF4BF0010E01012A6FA8
:1097380073C02BF174C02CF1356B75C02DF176C058
:109748002EF177C02FF178C030F1000E316F000E86
:10975800326F000E346F000E336F366B59EC4FF0DA
:10976800010E0001796F00017951120072C074F086
:1097780073C075F0C3EF4BF00001724B732B72C0CE
:10978800F6FF73C0F7FF000EF86E0F0EF76403D0F4
:109798000800F55005D0F6CFE9FFF7CFEAFFEF5004
:1097A8000009D8A4DAEF4BF0DCEF4BF0C0EF4BF038
:1097B80000017451725D726F75517359736F1200A5
:1097C800F2BEE9EF4BF0ECEF4BF0010EEDEF4BF092
:1097D800000E0001756F7351756E72C074FF74C00E
:1097E80073FF7F9E7F9C7F84F29E550E7E6EAA0E2D
:1097F8007E6E7F827FB203EF4CF005EF4CF0FEEFF8
:109808004BF07F94000175B102D0F29E01D0F28E28
:109818001200060E0101376F030E366FB6EC4FF0DB
:1098280001013751020D810EF324F66EF30EF42078
:10983800F76EF86A000EF8220900F5CF74F00900F7
:10984800F5CF75F002D833EF4CF00500FA6E000141
:109858007451FD6E7551FE6EFF6AFA5012000101D7
:10986800376F12000001726B4D50D8B43EEF4CF0C8
:1098780040EF4CF05BEF4CF04D28D8B446EF4CF07D
:1098880048EF4CF05BEF4CF04E50D8B44EEF4CF034
:1098980050EF4CF05BEF4CF00F0E4E18D8B457EF6A
:1098A8004CF059EF4CF05BEF4CF0010E726F7251B7
:1098B8001200B0EC4DF00009D8A465EF4CF067EF4A
:1098C8004CF083EF4CF0010E01012A6F73C02BF1AD
:1098D80074C02CF1010E356F75C02DF176C02EF1D4
:1098E80077C02FF178C030F179C031F17AC032F108
:1098F8007BC033F17CC034F1366B59EC4FF0120069
:10990800ABC0AEF0ACC0AFF093EF4CF0AAC09DF086
:10991800AE0E00019E6FADC09FF076EC2BF0AEC08E
:10992800F6FFAFC0F7FFF86A0800F5500009D8A4A1
:10993800A0EF4CF0A2EF4CF08AEF4CF0000E0001C3
:10994800AB6F000EAA6F1200000E0001816F000EAF
:10995800806FB9EF4CF07FC074F0756B7EC076F005
:1099680023EC45F00001804B812B80517C25D96E7A
:1099780081517D21DA6EDF507F6F7F51D8A4C7EF08
:109988004CF0C9EF4CF0AFEF4CF012003AC03DF08C
:109998003BC03EF0D8EF4CF039C02CF03D0E2D6E98
:1099A8003CC02EF041EC2DF03DC0F6FF3EC0F7FF65
:1099B800F86A0800F5500009D8A4E5EF4CF0E7EF85
:1099C8004CF0D0EF4CF0000E3A6E000E396E1200DB
:1099D800000E106E000E0F6EFBEF4CF00EC003F081
:1099E800046A0DC005F081EC45F00F4A102A0F50AB
:1099F8000B24D96E10500C20DA6EDF500E6E0E500C
:109A0800D8A409EF4DF00BEF4DF0F2EF4CF0120037
:109A1800A1A611EF4DF013EF4DF015EF4DF00DEC41
:109A28004CF09EA61AEF4DF01CEF4DF029EF4DF0CB
:109A3800A1A621EF4DF023EF4DF027EF4DF00DECEF
:109A48004CF029EF4DF0F8EC43F01200480EA76EE9
:109A5800900EAB6E260EAC6E820EAF6E060E7D6E4D
:109A6800740E0001726F9F0E736F4DEC4EF0320E44
:109A78000001726F9F0E736F3EEC4EF0000E0101F5
:109A8800736F000E726F120000017DBF4EEF4DF034
:109A980050EF4DF056EF4DF07CC07CF07DC07DF06E
:109AA80062EF4DF07CC07EF07DC07FF07E1F7F1F8F
:109AB8007E4B7F2B7EC07CF07FC07DF012000001C2
:109AC800766F2E0E0001726F740E736F5C0E746FDA
:109AD8003A0E756F7651E82A77EF4DF0D8907533C6
:109AE800743373337233E82E72EF4DF07251010BF9
:109AF80012000CBE82EF4DF084EF4DF08AEF4DF06E
:109B08000BC00BF00CC00CF096EF4DF00BC00DF035
:109B18000CC00EF00D1E0E1E0D4A0E2A0DC00BF0C5
:109B28000EC00CF012004FA29CEF4DF00AEF4EF061
:109B38000001726B9EA8A3EF4DF0A5EF4DF0AEEFBC
:109B48004DF0ACAAAAEF4DF0ACEF4DF0AEEF4DF0F2
:109B5800010E726F72511200010E0001726F010145
:109B68002A51D8A4BAEF4DF0BCEF4DF0C5EF4DF037
:109B7800C7B6C1EF4DF0C3EF4DF0C5EF4DF0000192
:109B8800726B000172511200BBC0C3F0BCC0C4F0BC
:109B9800BDC0C5F0BEC0C6F0770E0001B06FFF0EA5
:109BA800B16FC3C0B2F0C4C0B3F0C5C0B4F0C6C092
:109BB800B5F06BEC4EF0120001012A6B000E2C6F11
:109BC8002B69000E2D6F000E2E6F000E316F000EE8
:109BD800326F376BB4EC4FF0B6EC4FF0A2EC4FF0AD
:109BE8001200D59CF30ED76E800ED66EF30E0101CF
:109BF800756F800E746F000E0001726F000E736F28
:109C080087EC4FF0F294980ED56E1200016A9EA868
:109C180010EF4EF012EF4EF01BEF4EF0ACAA17EF1C
:109C28004EF019EF4EF01BEF4EF0010E016E015091
:109C380012000001736F97EC4DF00009D8B427EFBC
:109C48004EF029EF4EF01FEF4EF000017351D0ECAB
:109C58004EF01200896A8A6A180E8B6EC70E926ED1
:109C6800D40E936EBC0E946E140E0F015B6F5A6B7C
:109C7800F2861200000172517311D8B446EF4EF00B
:109C880048EF4EF04CEF4EF072C06EF173C06FF1BA
:109C98001200000172517311D8B455EF4EF057EF0E
:109CA8004EF05BEF4EF072C070F173C071F11200AC
:109CB800026E0AEC4EF00009D8B465EF4EF067EF7B
:109CC8004EF05DEF4EF0025095EC4FF01200B20EE0
:109CD8000001BA6F000EAA6FB0C0ABF0B1C0ACF013
:109CE800BA0EAD6F84EC4CF0120077EC4FF02EEC0E
:109CF8004EF0F5EC4DF02AEC4DF033EC4FF0DAEC89
:109D08004EF01200410E456E000E396E3FC03AF01B
:109D180040C03BF0450E3C6ECAEC4CF0120000010E
:109D28007351756E72C074FF7F9E7F9C7F800000A8
:109D380073501200C5BCA3EF4EF0A6EF4EF0010E13
:109D4800A7EF4EF0000E1200C7BAADEF4EF0B0EF1D
:109D58004EF0010EB1EF4EF0000E1200C7AAB7EF99
:109D68004EF0BAEF4EF0010EBBEF4EF0000E1200AF
:109D7800C7B0C1EF4EF0C4EF4EF0010EC5EF4EF084
:109D8800000E12009EBACBEF4EF0CEEF4EF0010E51
:109D9800CFEF4EF0000E12004FA2D5EF4EF095EF28
:109DA8004FF00001726F72C0ADFF1200D09EF292A8
:109DB800F19CF090F18AF092F188F094F18612000B
:109DC8008CEC4FF060C15EF161C15FF1010E0101E1
:109DD8008D6F12008CEC4FF046C05EF147C05FF10A
:109DE800010E01018D6F12008CEC4FF046C05EF140
:109DF80047C05FF1010E01018D6F12008CEC4FF02E
:109E080046C05EF147C05FF1010E01018D6F12007F
:109E18008CEC4FF046C05EF147C05FF1010E0101C6
:109E28008D6F12008CEC4FF046C05EF147C05FF1B9
:109E3800010E01018D6F12008CEC4FF046C05EF1EF
:109E480047C05FF1010E01018D6F12000001766FAE
:109E580076C098F1F28E120EACEC4AF01200800E29
:109E6800C76E080EC66EC56A270EC86EC68A12006F
:109E78008025000000840300564ABC07571E6294E0
:109E880001012B512B257DEC4FF0030E1200D880D9
:109E980001012B357DEC4FF0040E120036C172F033
:109EA8000101366B000172511200A8EC4FF0020E4E
:109EB8000101376F1200A5EC4FF001012A6B000E6B
:109EC8001200B2EC4FF0E0EC4DF0000E12005FEC27
:109ED8004FF00001726F7251120065EC4FF00001F3
:109EE800726F72511200700ED36ED26A9B6A9A6AB0
:109EF80012000001726F72C0C9FF12000101896B64
:109F0800886B8C6B120072C0FBF173C0FCF11200FD
:109F18000101896B886B8C6B120001012A6B080E9A
:109F28001200016E01C0ADFF1200AB98AB881200A1
:109F3800C58AC5881200C59AC5881200C69EC69CE7
:109F48001200C69AC68A1200C5801200C582120085
:109F5800C5921200C5861200C9501200C5841200AD
:0E9F68009E961200A1961200D58E12001200D5
:10F3260000549A00005694A09D8C9D2E9B000000D0
:10F3360000000000000000000000000000000000C7
:10F346000000000000000000009A9C7C9C00000069
:10F3560000EA9B0000709F00000000000000000013
:10F366000000000E9F0000669E00001A970000BA7B
:10F37600980000A49E609B0000189A229F969E8883
:10F386009EB696DA94E29ED69ECA9EBE9E9C0720A4
:10F3960076D07528006A0BCE03CE03D20534766C80
:10F3A6007564006C07AD07120B5A09010649045C27
:10F3B60026A424B8140013DC00B405C2089206D6AD
:10F3C60004A602BB0C8B0AA894789218019C04B878
:10F3D600068C05AC038002DA0CAE0B261BFA1996D6
:10F3E60000C9049E07E204B004F401B220F61D46EB
:10F3F600828A7F5E01C003AA0556042A03D6010E3F
:10F406000BBA09A4745073AA000302010706050487
:10F41600030201F8753804D075360A25058025DC07
:10F4260013AA07BE03A30B909322061603440C905F
:10F436001A40065203541FE88000058002640AFA47
:10F446007344616E7320546572615465726D2C202D
:10F4560073E96C656374696F6E6E6572206C652006
:10F4660066696368696572203132384B6F2064655E
:10F4760020636F64657320656E2070726F746F63AE
:10F486006F6C6520586D6F64656D20435243206430
:10F49600616E73206C6573203230730D0A0044610F
:10F4A6006E7320546572615465726D2C2073656CA1
:10F4B600656374696F6E6E6572206C65206669633C
:10F4C60068696572203235366F20646520636F6423
:10F4D600657320656E2070726F746F636F6C652044
:10F4E600586D64656D204352432064616E73206CD1
:10F4F6006573203230730D0A00332E2E2E2E456E84
:10F50600766F7965722061206C276570726F6D2049
:10F51600657874206C652066696368696572203158
:10F5260032384B6F20646520636F646573204E69C3
:10F536006365466C6F7253202870726F746F636FC9
:10F546006C6520586D6F64656D20435243290D0A22
:10F5560000342E2E2E2E456E766F79657220612030
:10F566006C276570726F6D20696E74206C652066FD
:10F57600696368696572203235366F206465206B71
:10F5860069204E696365466C6F7253202870726FEE
:10F59600746F636F6C6520586D6F64656D204352A0
:10F5A60043290D0A0052656365707465757220748F
:10F5B600656C65636F6D6D616E6465204E6963652C
:10F5C60020464C4F522D73202F2043414D45202F6E
:10F5D60020536F6D667920525453202F20455631A3
:10F5E6003532370D0A00422E2E2E2E4C6974206CB1
:10F5F60065732036344B6F206465206C2765707206
:10F606006F6D2065787420286C6F6E672920706195
:10F616007220626C6F6320646520313238206F631C
:10F62600746574730D0A002A2A2A4572726575720A
:10F63600206C276570726F6D20696E7465726E65D9
:10F64600206E6520636F6E7469656E7420706173D9
:10F65600206C6520626F6E20666963686965722A30
:10F666002A2A0D0A002A2A2A457272657572206CAA
:10F67600276570726F6D2065787465726E65206E91
:10F686006520636F6E7469656E7420706173206C9B
:10F696006520626F6E20666963686965722A2A2A28
:10F6A6000D0A0052656D6F74652072656365697633
:10F6B600657220666F72204E69636520464C4F5214
:10F6C6002D73202F2043414D45202F20536F6D660B
:10F6D6007920525453202F204556313532370D0AA2
:10F6E60000382E2E2E2E41666669636865206C658D
:10F6F6007320323030207072656D69657273206FC9
:10F706006374657473206465206C274550524F4DB1
:10F716002065787465726E650D0A005574696C69AA
:10F7260073657A206C6120766974657373652064ED
:10F7360065203936303020626175647320706F75CC
:10F7460072207574696C6973657220586D6F646593
:10F756006D0D0A004170707579657220737572209F
:10F766006C6520626F75746F6E206465206C612015
:10F7760074656C65636F6D6D616E64652061206D87
:10F78600656D6F72697365720D0A00352E2E2E2E09
:10F79600416666696368652074656C656772616D4C
:10F7A6006D652072656375206465206C61207465E3
:10F7B6006C65636F6D6D616E64650D0A004166660A
:10F7C6006963686167657320737570706C656D65D4
:10F7D6006E746169726573206574206C657320654B
:10F7E6007272657572730D0A004570726F6D2065D1
:10F7F600787420636F6E7469656E74206465206D1D
:10F8060061757661697365732076616C657572736F
:10F816000D0A0054696D656F757420737572206EDC
:10F82600756D65726F2064652070617175657420F1
:10F83600636F6D706C656D656E746500432E2E2E5C
:10F846002E4C69737465206465732074656C6563FA
:10F856006F6D6D616E64657320636F6E6E75657333
:10F866000D0A0041666669636865206C65732064ED
:10F876007572656573207265E775657320656E2020
:10F886006469726563740D0A00457272657572204B
:10F89600636F6D706C656D656E746174696F6E20F3
:10F8A6006E756D65726F2070617175657400362EA8
:10F8B6002E2E2E41666669636865206C612064653C
:10F8C600726E69657265206572726575720D0A00E1
:10F8D6004566666163656D656E7420746F757465E3
:10F8E600732074656C65636F6D6D616E6465730D11
:10F8F6000A00412E2E2E2E566572696669652063B2
:10F906006865636B73756D206570726F6D206578C1
:10F91600740D0A00417474656E7465206E6F757699
:10F92600656C6C652074656C65636F6D6D616E6486
:10F93600650D0A00372E2E2E2E4F637465747320C4
:10F9460072656375732070617220786D6F64656D82
:10F956000D0A00566F7472652063686F69782073AC
:10F966007569766920646520454E545245450D0AF1
:10F9760000302E2E2E2E466F726365206C65206D2C
:10F986006F646520646562756720300D0A00392E44
:10F996002E2E2E41666669636865204550524F4D8E
:10F9A60020696E7465726E650D0A00322E2E2E2E3B
:10F9B60055415254393630302F32333034303020BE
:10F9C60062617564730D0A0054696D656F75742004
:10F9D600737572206E756D65726F20646520706137
:10F9E600717565740054656C65636F6D6D616E64E9
:10F9F600652064656A612073746F636B65650D0AC3
:10FA060000312E2E2E2E4368616E6765206D6F6461
:10FA160065206465627567200D0A006572726575FA
:10FA26007220493243205772697465526561643D9C
:10FA360025640D0A00506173207265637520534F6B
:10FA46004820283129207472616D652025640020C4
:10FA56002D204465726E69657265206572726575E2
:10FA660072204932433D25640045727265757220E5
:10FA76006563726974757265204550524F4D2065F5
:10FA8600787400436865636B73756D206570726F7B
:10FA96006D20657874203D2025782000706F757282
:10FAA600207472616E736665727420786D6F64651A
:10FAB6006D0D0A005669746573736520554152547D
:10FAC6003D256C752062617564732000436F6D6D12
:10FAD600616E646520696E636F7272656374652E0C
:10FAE6000D0A004162616E646F6E206D656D6F7206
:10FAF60069736174696F6E0D0A003F2E2E2E2E41BA
:10FB0600666669636865206365206D656E750D0AB6
:10FB1600002050726F746F636F6C6520436172646E
:10FB2600696E20533434390045727265757220E966
:10FB360063726974757265206932630D0A006572B5
:10FB460072657572204932432057726974653D2586
:10FB5600640D0A00202020202020202A2A204D453E
:10FB66004E55202A2A0A0D0A0D006EB020706171CA
:10FB760075657420636F6D706C3D25640D0A004DCC
:10FB86006F646520646562756720666F626C6F716D
:10FB9600660D0A002050726F746F636F6C65204E9D
:10FBA600696365466C6F72530020436F6465206E0F
:10FBB6006F6E20636F6E73656375746966002045AA
:10FBC6006E72656769737472656D656E74206272B4
:10FBD600757400534354323236302020202020538F
:10FBE600657269616C3D004465726E696572652077
:10FBF600657272657572203A20002050726F746FBC
:10FC0600636F6C65205343543232363000455631AB
:10FC1600353237202020202053657269616C3D0003
:10FC2600466F626C6F716620202020536572696191
:10FC36006C3D002050726F746F636F6C6520466F69
:10FC4600626C6F71660050617469656E74657A20C6
:10FC56003130732E2E0D0A0056616C657572206365
:10FC66006F6D70743D25640D0A00416666696368B0
:10FC7600652073696C656E63650D0A0054656C6575
:10FC8600636F6D6D616E646520253264200043618B
:10FC96006D6520202020202053657269616C3D002F
:10FCA60043617264696E2020202053657269616C1D
:10FCB6003D00536F6D667920525453205365726927
:10FCC600616C3D004E696365466C6F7253204E75DC
:10FCD6006D5365723D004372632063616C63756C9E
:10FCE600653D25780D0A0054696D656F757420743D
:10FCF60072616D65202564002050726F746F636FAA
:10FD06006C6520536F6D667900506C757320646561
:10FD160020706C6163650D0A00436F6D70746575C4
:10FD2600723D307825780D0A002050726F746F632B
:10FD36006F6C652043616D650054696D656F757400
:10FD460020646F6E6E656573006EB02070617175AC
:10FD560065743D25640D0A00506173206465206456
:10FD6600656275670D0A005472616E73666572741A
:10FD7600206F6B0D0A0043726320726563753D2523
:10FD8600780D0A00426F75746F6E3D307825780DD8
:10FD96000A0054656C65636F6D6D616E6465200065
:10FDA600463149575120323032350D0A00706F7591
:10FDB600722064656275670D0A0043617264696E3C
:10FDC6003D256C750D0A004465636F646167653A8D
:10FDD6000D0A004E69636546533D25750D0A0043BD
:10FDE6006F64653D307825780D0A002C7265706564
:10FDF60074653D256420004E627265426974733DE8
:10FE060025640043686B2063616C633D257800457B
:10FE16006E746574653D307825780020616A6F756B
:10FE26007465650D0A0045414120443D25750D0A5E
:10FE36000045424120443D25750D0A0045424220B9
:10FE4600443D25750D0A00536F6D66793D25750D88
:10FE56000A0045727265757220637263002C426FE8
:10FE660075746F6E3D25640020426F75746F6E3D2C
:10FE7600257800446562756720300D0A00204572BA
:10FE8600726575720D0A00454120443D25750D0ABF
:10FE96000044656275672025642000204465636F11
:10FEA6006465313D00204465636F6465323D002C16
:10FEB600496E6465783D25640053657269616C3DE1
:10FEC6003078004E6F6E206F6B0D0A004556413D2F
:10FED60025750D0A004556423D25750D0A0020621E
:10FEE600363D25780D0A0043686B3D25780D0A00DE
:10FEF60020202020202020200020426F75746F6E65
:10FF06003D00204D69726F69723D0045434125648D
:10FF16000D0A0045464125640D0A00454642256402
:10FF26000D0A00543D256C750A0D0020457272209D
:10FF36002564002045727265757200417563756EA1
:10FF460065002062313D2578002062323D2578002B
:10FF56002062333D2578002062343D2578002062FA
:10FF6600353D2578002025640D0A004525640D0AD7
:10FF7600002530386C580062303D2578004F6B0DF7
:10FF86000A006F6B20200025782C2000582564205D
:10FF9600006E6F6B2000205425640063616D650060
:10FFA6003D256C750025366C750025642C0025787A
:10FFB6002C0025643A0025783A0053435400253333
:10FFC6006400206F6B002F20005020007C20002052
:10FFD6003000203100203F002044002053002F0035
:10FFE6003200330034003500360037003800410057
:09FFF6004200430046004B0000EC
:020000040030CA
:0E00000011137F3CFF0891FF0FC00FE00F406F
:00000001FF
